trait,E,rg.p,h2.p,prs.p,rg.val,h2.val,prs.val
biochemistry_Cholesterol,cov_ALCOHOL_DESC_ORDER,0.573266481650738,0.37683260493246,0.1780849,1.007,0.011857,0.407769134770042
biochemistry_Cholesterol,cov_DIET,0.777234485199497,0.0491704549944663,0.4739925,1.0148,0.030767,0.402994096661423
biochemistry_Cholesterol,cov_ParticulateMatterAirPollution_irnt,0.906024809232153,0.374760509714355,0.005971865,1.0237,0.012201,0.424105258793485
biochemistry_Cholesterol,cov_PHYS2_DAYS_VERY_ACTIVE,0.258045516448862,0.0092928907956142,0.8548065,0.9737,0.03659,0.379985464059315
biochemistry_Cholesterol,cov_Sleeplessness,NA,6.57663440836604e-08,0.005492451,NA,0.047367,0.450800918608447
biochemistry_Cholesterol,cov_SMOKING_STATUS,0.145072525659325,1.42261668118314e-06,0.0006812484,0.9817,0.02977,0.455823310238335
biochemistry_Cholesterol,cov_TOWNSEND_DEPRIVATION,0.431591503070834,0.753728094306661,0.002179651,0.9934,0.004244,0.444105689941254
biochemistry_Cholesterol,other_NAP_TIME,0.0238236085005111,0.000654322453120774,0.06534858,0.9289,0.045939,0.422660969043819
biochemistry_Cholesterol,other_NO_WHEAT,0.581213937487448,0.840556109283687,0.1844694,1.0082,0.00271399999999999,0.385868711412118
biochemistry_Cholesterol,other_TIME_TV,0.00499240833270592,4.01408829961436e-11,0.05820018,0.8954,0.089816,NA
biochemistry_Glucose,cov_ALCOHOL_DESC_ORDER,0.661026113368168,0.515648838103767,0.004319315,1.0321,0.009279,0.126619782279645
biochemistry_Glucose,cov_DIET,0.652915549179035,0.616882970795751,0.3074684,1.0162,0.008358,0.0698835504265624
biochemistry_Glucose,cov_ParticulateMatterAirPollution_irnt,0.394787642265336,0.718409070176907,0.9782467,0.9909,0.005228,0.0424567054076662
biochemistry_Glucose,cov_PHYS2_DAYS_VERY_ACTIVE,0.672998851972238,0.593171580084746,0.3536516,1.0463,0.007912,0.0630026005792346
biochemistry_Glucose,cov_Sleeplessness,0.452940145700835,0.813249246604967,0.8485875,0.9941,0.002146,0.0483295009746446
biochemistry_Glucose,cov_SMOKING_STATUS,0.747850831779806,0.378411280811145,0.8780733,1.0207,0.005564,0.0433725490834331
biochemistry_Glucose,cov_TOWNSEND_DEPRIVATION,0.574603533165488,0.505604909498382,0.6927482,1.0155,0.009518,0.0520686986953411
biochemistry_Glucose,other_NAP_TIME,0.739545141654494,0.99099598126762,0.006522778,1.0502,0.000160999999999994,0.120094710712611
biochemistry_Glucose,other_NO_WHEAT,0.241792117126081,0.875699961220002,0.145926,0.949,0.002231,0.0752975484283645
biochemistry_Glucose,other_TIME_TV,0.505604368760962,0.38397263255619,0.2111876,1.0011,0.012521,0.0722494209956138
biochemistry_HbA1c,cov_ALCOHOL_DESC_ORDER,0.0370727655557035,0.750783792703703,0.01580504,0.9525,0.00439799999999996,0.38480691098827
biochemistry_HbA1c,cov_DIET,0.346228701221975,0.813776773369741,0.01597634,0.9947,0.00379000000000002,0.398735553747425
biochemistry_HbA1c,cov_ParticulateMatterAirPollution_irnt,0.821703109607706,0.859797878638453,0.1766162,1.0118,0.00246500000000005,0.350494165384416
biochemistry_HbA1c,cov_PHYS2_DAYS_VERY_ACTIVE,0.655922652950934,0.126533770385014,0.1479576,1.0118,0.021998,0.37558944004045
biochemistry_HbA1c,cov_Sleeplessness,0.00688103313447584,0.000263504492243324,0.5531952,0.9596,0.032603,0.351562425839761
biochemistry_HbA1c,cov_SMOKING_STATUS,0.00827186175097144,0.0708152239683491,0.8034138,0.971,0.011505,0.33418401436443
biochemistry_HbA1c,cov_TOWNSEND_DEPRIVATION,0.225568410361859,0.674027392944458,0.4948594,0.9786,0.00581300000000001,0.340235192912721
biochemistry_HbA1c,other_NAP_TIME,0.137738776757563,0.432991860877605,0.006650416,0.9735,0.010861,0.37862099633461
biochemistry_HbA1c,other_NO_WHEAT,0.0532669030191673,0.659522380418456,0.9384545,0.9561,0.00611400000000001,0.343724956905794
biochemistry_HbA1c,other_TIME_TV,0.124159880339724,0.0415311995900778,0.01554171,0.9701,0.028444,0.373001812545414
biochemistry_HDLcholesterol,cov_ALCOHOL_DESC_ORDER,0.0208383179108992,0.0195771402016633,2.80462e-10,0.9501,0.015475,0.570641015837269
biochemistry_HDLcholesterol,cov_DIET,0.116462663092741,0.667439098798069,0.3037481,0.9833,0.00739800000000002,0.377679605688619
biochemistry_HDLcholesterol,cov_ParticulateMatterAirPollution_irnt,NA,0.871265000473666,0.3265639,NA,0.002413,0.384856658373222
biochemistry_HDLcholesterol,cov_PHYS2_DAYS_VERY_ACTIVE,0.689860349956524,0.188485745580428,0.2109998,1.0109,0.009073,0.406996942371231
biochemistry_HDLcholesterol,cov_Sleeplessness,NA,5.81318714209058e-09,0.9877398,NA,0.055111,0.393939446358251
biochemistry_HDLcholesterol,cov_SMOKING_STATUS,NA,0.138729572105392,0.4282266,NA,0.009963,0.392628077038354
biochemistry_HDLcholesterol,cov_TOWNSEND_DEPRIVATION,0.0836803900579761,0.0178181235470793,0.6320484,0.9699,0.015727,0.394648428934008
biochemistry_HDLcholesterol,other_NAP_TIME,0.734787864629439,0.636492439691109,0.338553,1.0133,0.00313999999999998,0.372217809484288
biochemistry_HDLcholesterol,other_NO_WHEAT,0.256124498784324,0.511104699410131,0.5586755,0.9865,0.046758,0.380589518998791
biochemistry_HDLcholesterol,other_TIME_TV,0.721286200512156,0.0644199161452931,0.01113074,1.0132,0.012344,0.422228977387972
biochemistry_LDLdirect,cov_ALCOHOL_DESC_ORDER,0.632041109218049,0.0890766912704195,0.06954645,1.0143,0.022816,0.5343704398912
biochemistry_LDLdirect,cov_DIET,0.770208867258473,0.00189778202665245,0.1919162,1.0159,0.048722,0.514979408447762
biochemistry_LDLdirect,cov_ParticulateMatterAirPollution_irnt,NA,0.414257065286334,0.02698185,NA,0.011232,0.526966407392555
biochemistry_LDLdirect,cov_PHYS2_DAYS_VERY_ACTIVE,0.516157421069688,0.00266293130742508,0.5038924,1.0019,0.042299,0.530340887232453
biochemistry_LDLdirect,cov_Sleeplessness,NA,1.74021442137618e-07,0.003843335,NA,0.045777,0.57734932338785
biochemistry_LDLdirect,cov_SMOKING_STATUS,NA,3.49592260132902e-10,0.003720347,NA,0.038704,0.56042099505262
biochemistry_LDLdirect,cov_TOWNSEND_DEPRIVATION,0.496331616934708,0.831647350207801,0.06829436,0.9996,0.002882,0.540218204994741
biochemistry_LDLdirect,other_NAP_TIME,0.0135086556078898,1.62368846443424e-05,0.02378626,0.9058,0.058211,0.563820258795496
biochemistry_LDLdirect,other_NO_WHEAT,0.555902905503901,0.508204327234725,0.9380625,1.0062,0.00894899999999998,0.491051988609604
biochemistry_LDLdirect,other_TIME_TV,0.0115757559452002,8.88989012138111e-14,0.0313318,0.8969,0.101452,0.550077217298079
biochemistry_Triglycerides,cov_ALCOHOL_DESC_ORDER,0.240924021079568,0.00126250593014304,0.000171617,0.9789,0.043983,0.619647048080667
biochemistry_Triglycerides,cov_DIET,0.226627352376868,0.759621760400521,4.237362e-05,0.9898,0.00484300000000004,0.682504810697352
biochemistry_Triglycerides,cov_ParticulateMatterAirPollution_irnt,0.515953436852829,0.101605186466502,0.1439032,1.0005,0.022642,0.562578344013234
biochemistry_Triglycerides,cov_PHYS2_DAYS_VERY_ACTIVE,0.262378626020005,0.152700647163534,0.00285958,0.9827,0.020372,0.71381028592191
biochemistry_Triglycerides,cov_Sleeplessness,0.350434993001545,0.0217621539505853,0.002863288,0.9937,0.020161,0.60674243207794
biochemistry_Triglycerides,cov_SMOKING_STATUS,0.225937264507367,0.584196491593447,0.02613367,0.9918,0.003415,0.566312239210882
biochemistry_Triglycerides,cov_TOWNSEND_DEPRIVATION,0.0283241273391972,0.40432505183177,0.9937029,0.9493,0.011432,0.560229341422383
biochemistry_Triglycerides,other_NAP_TIME,0.0807566592337714,0.432650282840592,0.1773667,0.9622,0.00483600000000001,0.561625700841991
biochemistry_Triglycerides,other_NO_WHEAT,0.592248711703104,0.317469863845327,0.5087262,1.0063,0.013618,0.642029631570752
biochemistry_Triglycerides,other_TIME_TV,0.0133314470948796,0.995862974749195,8.401371e-06,0.9406,3.19999999999765e-05,0.651586694833636
biochemistry_VitaminD,cov_ALCOHOL_DESC_ORDER,0.021035216556147,0.291840387707766,0.150417,0.9071,0.014844,0.0460299816989457
biochemistry_VitaminD,cov_DIET,0.59070458296047,0.369461907969058,0.2100301,1.005,0.014588,0.0278832691681899
biochemistry_VitaminD,cov_ParticulateMatterAirPollution_irnt,0.540750874570136,0.144265173801356,0.1833926,1.0022,0.020618,0.0333267289390365
biochemistry_VitaminD,cov_PHYS2_DAYS_VERY_ACTIVE,0.258048370777257,0.0797163673825552,0.0002427923,0.9637,0.025233,0.128288217423371
biochemistry_VitaminD,cov_Sleeplessness,0.738336470541218,0.579255492940265,0.4306105,1.0187,0.00489000000000001,0.0351718417518335
biochemistry_VitaminD,cov_SMOKING_STATUS,0.198627275288372,0.663785909782989,0.3288812,0.9829,0.00271299999999999,0.0338817989868381
biochemistry_VitaminD,cov_TOWNSEND_DEPRIVATION,0.432236621143607,0.00023123177178761,0.0002654178,0.9915,0.051382,0.117002284242575
biochemistry_VitaminD,other_NAP_TIME,0.161395492033159,0.931541847652069,0.7957532,0.9561,0.00120000000000001,0.0290730760504221
biochemistry_VitaminD,other_NO_WHEAT,0.110535689150715,0.997715861721652,0.9600934,0.9442,3.99999999999845e-05,0.036444567521849
biochemistry_VitaminD,other_TIME_TV,0.618059238325799,0.961300796236373,0.7272687,1.0155,0.000678999999999985,0.0336313526031642
blood_EOSINOPHIL_COUNT,cov_ALCOHOL_DESC_ORDER,0.146633797726105,0.799999898763533,0.3151561,0.9732,0.00344099999999997,0.172551238729507
blood_EOSINOPHIL_COUNT,cov_DIET,0.169035616749913,0.852176553551799,0.713868,0.9886,0.00292700000000001,0.168564596473996
blood_EOSINOPHIL_COUNT,cov_ParticulateMatterAirPollution_irnt,0.0463410768046942,0.59886526097012,0.2132186,0.981,0.00725399999999998,0.170117418486883
blood_EOSINOPHIL_COUNT,cov_PHYS2_DAYS_VERY_ACTIVE,0.325729067217499,0.583012299666944,0.241086,0.9883,0.00776700000000002,0.175950695968286
blood_EOSINOPHIL_COUNT,cov_Sleeplessness,0.255418729015787,9.07129931657876e-08,0.4202465,0.9904,0.046877,0.165242052173303
blood_EOSINOPHIL_COUNT,cov_SMOKING_STATUS,0.0380387674397798,0.834318586026119,0.2001422,0.9796,0.00131400000000004,0.17914552749176
blood_EOSINOPHIL_COUNT,cov_TOWNSEND_DEPRIVATION,0.196812676483054,0.0470093178445306,0.4412355,0.9791,0.01232,0.166055189867283
blood_EOSINOPHIL_COUNT,other_NAP_TIME,0.350378972703338,0.253173632228614,0.1812147,0.9907,0.00707400000000002,0.174489583665795
blood_EOSINOPHIL_COUNT,other_NO_WHEAT,0.00208843321240301,NA,0.7579557,0.9387,NA,NA
blood_EOSINOPHIL_COUNT,other_TIME_TV,0.908788780274132,0.00215450161061136,0.5402165,1.0328,0.019102,0.167536932263479
blood_HIGH_LIGHT_SCATTER_RETICULOCYTE_COUNT,cov_ALCOHOL_DESC_ORDER,0.00396657305692397,0.0530437485635565,0.5856271,0.9323,0.012068,0.104880248780664
blood_HIGH_LIGHT_SCATTER_RETICULOCYTE_COUNT,cov_DIET,0.589010362868727,0.419638293434723,0.7890366,1.0027,0.012799,0.117787441958637
blood_HIGH_LIGHT_SCATTER_RETICULOCYTE_COUNT,cov_ParticulateMatterAirPollution_irnt,0.585317964396112,0.63504193586765,0.7669803,1.0025,0.00657399999999997,0.0878168065669959
blood_HIGH_LIGHT_SCATTER_RETICULOCYTE_COUNT,cov_PHYS2_DAYS_VERY_ACTIVE,0.517339853275387,0.868585894793451,0.7405659,1.001,0.00236199999999998,0.0992629765150487
blood_HIGH_LIGHT_SCATTER_RETICULOCYTE_COUNT,cov_Sleeplessness,0.836646722565709,0.000365690515997916,0.3859245,1.0153,0.031613,0.105264849006398
blood_HIGH_LIGHT_SCATTER_RETICULOCYTE_COUNT,cov_SMOKING_STATUS,0.0937213952378462,0.425097352793217,0.006871069,0.9855,0.00503600000000004,0.146773735948096
blood_HIGH_LIGHT_SCATTER_RETICULOCYTE_COUNT,cov_TOWNSEND_DEPRIVATION,0.226947839123561,0.617805664565181,0.8809685,0.9824,0.00311400000000001,0.0998835242423622
blood_HIGH_LIGHT_SCATTER_RETICULOCYTE_COUNT,other_NAP_TIME,0.634380653750624,0.170985971735031,0.1641743,1.0079,0.018731,0.106085377072959
blood_HIGH_LIGHT_SCATTER_RETICULOCYTE_COUNT,other_NO_WHEAT,0.834776593899793,0.0241574044861331,0.0165507,1.0218,0.140055,0.146468585341808
blood_HIGH_LIGHT_SCATTER_RETICULOCYTE_COUNT,other_TIME_TV,0.0270669122339221,0.0109415975659299,0.4732244,0.9559,0.015965,0.0935013329458577
blood_LYMPHOCYTE_COUNT,cov_ALCOHOL_DESC_ORDER,0.014740613864334,0.364357464421785,0.03413051,0.9508,0.005579,0.131639885485044
blood_LYMPHOCYTE_COUNT,cov_DIET,0.0466768583976255,0.973560120414385,0.8395615,0.9802,0.00051699999999999,0.118423830121035
blood_LYMPHOCYTE_COUNT,cov_ParticulateMatterAirPollution_irnt,0.356819774019118,0.00568996442485444,0.8060372,0.996,0.03775,0.0966562420153305
blood_LYMPHOCYTE_COUNT,cov_PHYS2_DAYS_VERY_ACTIVE,0.432456120417946,0.912889526812284,0.5325271,0.9959,0.00153300000000001,0.142895019507548
blood_LYMPHOCYTE_COUNT,cov_Sleeplessness,0.452478048234072,2.14655344579346e-06,0.8184632,0.9984,0.041263,0.109688715190832
blood_LYMPHOCYTE_COUNT,cov_SMOKING_STATUS,0.12095767835748,0.00942806998893425,0.7521864,0.989,0.016143,0.080859664319361
blood_LYMPHOCYTE_COUNT,cov_TOWNSEND_DEPRIVATION,0.00781610101574128,0.0114699841272021,0.2336049,0.9444,0.03392,0.111640661127641
blood_LYMPHOCYTE_COUNT,other_NAP_TIME,0.150723966569024,0.0382636653454015,0.3374613,0.9783,0.027867,0.111348533073698
blood_LYMPHOCYTE_COUNT,other_NO_WHEAT,0.0239390791087943,3.07887022991419e-05,0.413733,0.9541,0.261954,0.159032747099647
blood_LYMPHOCYTE_COUNT,other_TIME_TV,0.734933398334913,0.0164937511617357,0.7766576,1.014,0.014778,0.107338281037622
blood_MEAN_CORPUSCULAR_HEMOGLOBIN,cov_ALCOHOL_DESC_ORDER,5.94253232415267e-05,0.687331574124354,0.2945093,0.9238,0.00243500000000002,0.0120390295334404
blood_MEAN_CORPUSCULAR_HEMOGLOBIN,cov_DIET,0.0327298770496594,0.407383397766852,0.03184482,0.979,0.012707,0.0333384934372471
blood_MEAN_CORPUSCULAR_HEMOGLOBIN,cov_ParticulateMatterAirPollution_irnt,0.315613696516222,0.0959021399750184,0.8511213,0.9952,0.022396,0.0066227262620844
blood_MEAN_CORPUSCULAR_HEMOGLOBIN,cov_PHYS2_DAYS_VERY_ACTIVE,0.0946217181096886,NA,0.624212,0.9744,NA,NA
blood_MEAN_CORPUSCULAR_HEMOGLOBIN,cov_Sleeplessness,0.0298940554132323,7.42629140109823e-21,0.2317704,0.9776,0.080414,0.013788494376559
blood_MEAN_CORPUSCULAR_HEMOGLOBIN,cov_SMOKING_STATUS,0.0295830869027076,0.105703029556854,0.01059814,0.9783,0.00989600000000002,0.0373378376972899
blood_MEAN_CORPUSCULAR_HEMOGLOBIN,cov_TOWNSEND_DEPRIVATION,0.19145446917568,4.43544451257238e-09,0.5267892,0.9822,0.035517,0.00891662032429053
blood_MEAN_CORPUSCULAR_HEMOGLOBIN,other_NAP_TIME,0.515424861769334,0.910367507198418,0.581418,1.0007,0.000681000000000043,0.00746103867990915
blood_MEAN_CORPUSCULAR_HEMOGLOBIN,other_NO_WHEAT,0.224597802244263,NA,0.9324323,0.986,NA,NA
blood_MEAN_CORPUSCULAR_HEMOGLOBIN,other_TIME_TV,0.0467630937118705,NA,0.2045247,0.9678,NA,NA
blood_MEAN_PLATELET_VOL,cov_ALCOHOL_DESC_ORDER,0.135973132708126,NA,0.4580652,0.9844,NA,NA
blood_MEAN_PLATELET_VOL,cov_DIET,NA,0.781881788546698,0.3193782,NA,0.00410599999999994,0.0257671737047764
blood_MEAN_PLATELET_VOL,cov_ParticulateMatterAirPollution_irnt,NA,0.792740400149249,0.9887922,NA,0.00339300000000009,NA
blood_MEAN_PLATELET_VOL,cov_PHYS2_DAYS_VERY_ACTIVE,0.219019119104458,NA,0.5944405,0.9886,NA,NA
blood_MEAN_PLATELET_VOL,cov_Sleeplessness,NA,NA,0.3795025,NA,NA,NA
blood_MEAN_PLATELET_VOL,cov_SMOKING_STATUS,NA,NA,0.5736777,NA,NA,NA
blood_MEAN_PLATELET_VOL,cov_TOWNSEND_DEPRIVATION,0.458702243687614,NA,0.1277215,0.9986,NA,NA
blood_MEAN_PLATELET_VOL,other_NAP_TIME,0.458395167059697,NA,0.2077528,0.9986,NA,NA
blood_MEAN_PLATELET_VOL,other_NO_WHEAT,0.473064936853639,NA,0.4211328,0.999,NA,NA
blood_MEAN_PLATELET_VOL,other_TIME_TV,0.0632562689783453,NA,0.4175909,0.9809,NA,NA
blood_MONOCYTE_COUNT,cov_ALCOHOL_DESC_ORDER,0.131470048744179,0.27791845055598,0.7714475,0.9747,0.00677299999999997,0.0917271216347396
blood_MONOCYTE_COUNT,cov_DIET,0.932007317862355,0.234873363155658,0.6887048,1.0164,0.018812,0.0783432458931178
blood_MONOCYTE_COUNT,cov_ParticulateMatterAirPollution_irnt,0.944082597480531,0.76832682192011,0.3094716,1.0159,0.00407099999999999,0.0833805399041748
blood_MONOCYTE_COUNT,cov_PHYS2_DAYS_VERY_ACTIVE,0.156445521980916,0.144099641226033,0.4176557,0.978,0.020865,0.0814283923386832
blood_MONOCYTE_COUNT,cov_Sleeplessness,0.984282219393391,0.0110071097275326,0.9923393,1.0284,0.022516,0.0883694432187656
blood_MONOCYTE_COUNT,cov_SMOKING_STATUS,0.30502573089752,0.111009235145248,0.170742,0.9949,0.010074,0.0971107581139477
blood_MONOCYTE_COUNT,cov_TOWNSEND_DEPRIVATION,0.634704555216568,0.0365854012486604,0.1609297,1.0073,0.013065,0.099873477010688
blood_MONOCYTE_COUNT,other_NAP_TIME,0.532604351225896,0.152464839718985,0.07003322,1.0018,0.00892900000000002,0.103684707212702
blood_MONOCYTE_COUNT,other_NO_WHEAT,0.389041464349274,0.956918331749432,0.8409024,0.9938,0.000738000000000016,NA
blood_MONOCYTE_COUNT,other_TIME_TV,0.000701355026210427,0.0282898743530575,0.1509342,0.9243,0.013753,0.0993511285544326
blood_PLATELET_COUNT,cov_ALCOHOL_DESC_ORDER,0.161947221660549,0.0140334003390657,0.1518395,0.9854,0.014844,0.193340105398159
blood_PLATELET_COUNT,cov_DIET,0.416145302327287,0.043142442193235,0.6615298,0.9982,0.03121,0.219659022839078
blood_PLATELET_COUNT,cov_ParticulateMatterAirPollution_irnt,0.847318406166889,0.682442010920871,0.412552,1.0082,0.005519,0.179442640558813
blood_PLATELET_COUNT,cov_PHYS2_DAYS_VERY_ACTIVE,0.0555345037725456,1.30860896861248e-05,0.9256697,0.971,0.027372,0.181595219226075
blood_PLATELET_COUNT,cov_Sleeplessness,0.682330909395124,1.42864735507884e-12,0.8757793,1.0046,0.060675,0.192509929475213
blood_PLATELET_COUNT,cov_SMOKING_STATUS,0.42596099640974,NA,0.3182989,0.9986,NA,NA
blood_PLATELET_COUNT,cov_TOWNSEND_DEPRIVATION,0.665248156565417,2.88116185659426e-06,0.4159092,1.007,0.028296,0.192081386901453
blood_PLATELET_COUNT,other_NAP_TIME,0.239911638967631,NA,0.6344035,0.9882,NA,NA
blood_PLATELET_COUNT,other_NO_WHEAT,0.198232012866818,NA,0.9994068,0.9855,NA,NA
blood_PLATELET_COUNT,other_TIME_TV,0.26930812524514,2.15182896495354e-05,0.7805615,0.9901,0.025821,0.207596468590397
blood_RBC_DISTRIB_WIDTH,cov_ALCOHOL_DESC_ORDER,0.000116707120786986,0.00195586844545989,0.01512685,0.9253,0.01899,0.181356604898778
blood_RBC_DISTRIB_WIDTH,cov_DIET,0.0721207185967985,0.0107050343112126,0.0792941,0.9835,0.039894,0.205523841550907
blood_RBC_DISTRIB_WIDTH,cov_ParticulateMatterAirPollution_irnt,0.359423566782007,0.976342588389908,0.7604019,0.9964,0.000405999999999962,0.177329837031879
blood_RBC_DISTRIB_WIDTH,cov_PHYS2_DAYS_VERY_ACTIVE,0.535706454257121,0.124588756189769,0.4952416,1.0019,0.00977699999999998,0.167108058866648
blood_RBC_DISTRIB_WIDTH,cov_Sleeplessness,0.0580415668693272,3.15351368294483e-07,0.952252,0.9791,0.044731,0.164682456143026
blood_RBC_DISTRIB_WIDTH,cov_SMOKING_STATUS,0.025717888114081,0.315909177524336,0.1907776,0.9776,0.00621100000000002,0.176062513317919
blood_RBC_DISTRIB_WIDTH,cov_TOWNSEND_DEPRIVATION,0.644446726202598,9.18367056247071e-05,0.3009708,1.008,0.024003,0.17129503144126
blood_RBC_DISTRIB_WIDTH,other_NAP_TIME,0.024739286490804,0.0937900639545949,0.2447674,0.9558,0.010265,0.180013645842854
blood_RBC_DISTRIB_WIDTH,other_NO_WHEAT,0.201885413747744,0.000108041458011376,0.214868,0.9823,0.247885,0.224002043519477
blood_RBC_DISTRIB_WIDTH,other_TIME_TV,0.227863417440124,0.0941631107062242,0.04862841,0.9818,0.010322,0.18497850740785
blood_RED_COUNT,cov_ALCOHOL_DESC_ORDER,0.0246545563806931,0.0947182416544926,0.001522044,0.9654,0.010255,0.109326884219272
blood_RED_COUNT,cov_DIET,0.0069964265418486,0.57418062757547,0.5039179,0.9769,0.00877299999999998,0.0327486252715895
blood_RED_COUNT,cov_ParticulateMatterAirPollution_irnt,0.512336454311872,0.710610424592773,0.6772681,1.0003,0.00505100000000003,0.0455424112992269
blood_RED_COUNT,cov_PHYS2_DAYS_VERY_ACTIVE,0.00684843970811311,0.0222146412619832,0.6795443,0.947,0.014596,0.0519421789862654
blood_RED_COUNT,cov_Sleeplessness,0.121981646601965,4.03767394458543e-14,0.1811116,0.9873,0.065737,0.0604497405057964
blood_RED_COUNT,cov_SMOKING_STATUS,0.396419327885611,0.0451708657655049,0.04097497,0.9974,0.012455,0.0764053698626272
blood_RED_COUNT,cov_TOWNSEND_DEPRIVATION,0.00707954071682975,0.00565557938703572,0.4580333,0.9502,0.017013,0.0568893881940061
blood_RED_COUNT,other_NAP_TIME,0.723604435392275,0.0204866719305313,0.2155967,1.0111,0.031202,0.0598135360116005
blood_RED_COUNT,other_NO_WHEAT,0.269537226568509,NA,0.9500803,0.9879,NA,NA
blood_RED_COUNT,other_TIME_TV,0.106313045105458,2.23138331171448e-06,0.3368369,0.9742,0.029233,0.0611875812656635
blood_WHITE_COUNT,cov_ALCOHOL_DESC_ORDER,0.158655253931457,0.0726754952442813,0.1903005,0.9772,0.011029,0.0334239734003135
blood_WHITE_COUNT,cov_DIET,0.0450457491646455,0.952603651397286,0.3829001,0.98,0.00092399999999998,0.0380227735066029
blood_WHITE_COUNT,cov_ParticulateMatterAirPollution_irnt,0.771949677747992,0.312952784428348,0.7731803,1.0079,0.01374,0.0267510529558227
blood_WHITE_COUNT,cov_PHYS2_DAYS_VERY_ACTIVE,0.665265711961808,0.828251135866192,0.5898863,1.0108,0.00303800000000004,0.0349135471122928
blood_WHITE_COUNT,cov_Sleeplessness,0.267401918594877,7.36653904725865e-06,0.7699228,0.991,0.039014,0.0276590867335606
blood_WHITE_COUNT,cov_SMOKING_STATUS,6.88577050206165e-07,0.392991581250051,0.4573925,0.9522,0.00531699999999996,0.0425519673415288
blood_WHITE_COUNT,cov_TOWNSEND_DEPRIVATION,0.208871008987986,0.988521543588301,0.1890267,0.9812,0.000192999999999999,0.0400877215146538
blood_WHITE_COUNT,other_NAP_TIME,0.771379085863939,0.140253639603682,0.5605894,1.0197,0.019824,0.0272062135879305
blood_WHITE_COUNT,other_NO_WHEAT,0.305401146112222,0.133204586386531,0.1297572,0.9886,0.020194,0.0591079029344461
blood_WHITE_COUNT,other_TIME_TV,0.0835898412825675,0.195463954843243,0.7105612,0.9645,0.017531,0.0224636272832874
bmd_HEEL_TSCOREz,cov_ALCOHOL_DESC_ORDER,0.472932127990107,0.116971880720297,0.04665305,0.9989,0.00955500000000004,0.0210057332680899
bmd_HEEL_TSCOREz,cov_DIET,0.020054161224681,0.154546341677044,0.01395147,0.9844,0.022159,0.0350417287710399
bmd_HEEL_TSCOREz,cov_ParticulateMatterAirPollution_irnt,0.63399979381587,0.70573546732054,0.1274513,1.0025,0.005131,0.0157011147934979
bmd_HEEL_TSCOREz,cov_PHYS2_DAYS_VERY_ACTIVE,0.110408419279898,0.525129661445287,0.4423121,0.9809,0.008909,0.00564977771574341
bmd_HEEL_TSCOREz,cov_Sleeplessness,0.18406012534676,NA,0.3290977,0.9919,NA,NA
bmd_HEEL_TSCOREz,cov_SMOKING_STATUS,0.132578316812977,0.0273825704671481,0.2488676,0.9922,0.013625,0.00924854066897802
bmd_HEEL_TSCOREz,cov_TOWNSEND_DEPRIVATION,0.0886695609020944,0.000203090079363543,0.01857806,0.9799,0.022664,0.0286524195092039
bmd_HEEL_TSCOREz,other_NAP_TIME,0.933638257205132,1.22669518965342e-06,0.4910769,1.0218,0.029601,0.00566057028369284
bmd_HEEL_TSCOREz,other_NO_WHEAT,0.546682478598537,NA,0.644689,1.0019,NA,NA
bmd_HEEL_TSCOREz,other_TIME_TV,0.5,0.000384599795874265,0.201825,1,0.021764,0.0109120156582161
body_BMIz,cov_ALCOHOL_DESC_ORDER,0.000189381340311197,1.02371730327774e-19,3.629847e-08,0.9282,0.05496,0.390429858609695
body_BMIz,cov_DIET,0.00661017281391421,0.0609463006766218,0.01266833,0.9777,0.028817,0.149551614322722
body_BMIz,cov_ParticulateMatterAirPollution_irnt,0.0845657223513352,0.0158661558124096,0.6113991,0.9901,0.032243,0.0929452034892572
body_BMIz,cov_PHYS2_DAYS_VERY_ACTIVE,0.433147147368426,0.000710156179251392,4.90149e-05,0.9967,0.046774,0.260497006379081
body_BMIz,cov_Sleeplessness,0.496438062679532,2.5187800949881e-05,0.1512173,0.9999,0.036037,0.117440918185988
body_BMIz,cov_SMOKING_STATUS,5.03555549015487e-07,0.000540457369342586,0.01789759,0.9599,0.021182,0.160406268440604
body_BMIz,cov_TOWNSEND_DEPRIVATION,0.000629259187740379,0.000509537082703171,0.00200217,0.9413,0.020969,0.179401257903127
body_BMIz,other_NAP_TIME,0.0884158528644508,0.0162852701021682,0.02530416,0.9765,0.014523,0.150566270209579
body_BMIz,other_NO_WHEAT,0.331219509632638,0.0551885530789297,0.8369007,0.9914,0.118223,0.106011526416979
body_BMIz,other_TIME_TV,0.0796533079807908,0.150782000565429,0.02582111,0.9696,0.00872400000000001,0.164132693296459
body_HEIGHTz,cov_ALCOHOL_DESC_ORDER,0.0477903522728146,NA,0.0004126795,0.985,NA,NA
body_HEIGHTz,cov_DIET,0.551570270011852,0.944836012705713,0.1456053,1.0007,0.000943999999999945,NA
body_HEIGHTz,cov_ParticulateMatterAirPollution_irnt,0.0743069982276052,0.961759342886197,0.7901159,0.9922,0.000564999999999927,NA
body_HEIGHTz,cov_PHYS2_DAYS_VERY_ACTIVE,4.32811563536761e-06,NA,0.3375024,0.9613,NA,NA
body_HEIGHTz,cov_Sleeplessness,0.0577702591412145,NA,0.362517,0.9904,NA,NA
body_HEIGHTz,cov_SMOKING_STATUS,0.103834681121301,NA,0.7221519,0.9937,NA,NA
body_HEIGHTz,cov_TOWNSEND_DEPRIVATION,0.0227501319481794,NA,0.2084836,0.9826,NA,NA
body_HEIGHTz,other_NAP_TIME,0.000171373430543926,NA,0.5548103,0.9667,NA,NA
body_HEIGHTz,other_NO_WHEAT,0.0395821633611118,NA,0.08607959,0.9842,NA,NA
body_HEIGHTz,other_TIME_TV,0.0372520548235385,NA,0.05935952,0.9827,NA,NA
body_WHRadjBMIz,cov_ALCOHOL_DESC_ORDER,0.132943829438079,0.264689116278038,0.04776636,0.9664,0.014564,0.914053292908076
body_WHRadjBMIz,cov_DIET,0.203567094942427,0.00409181866945,0.6011897,0.9874,0.043841,0.848495448922425
body_WHRadjBMIz,cov_ParticulateMatterAirPollution_irnt,0.283485180357124,0.854694743345041,0.324853,0.9925,0.00245300000000004,0.919466805877693
body_WHRadjBMIz,cov_PHYS2_DAYS_VERY_ACTIVE,0.276837610773739,0.207849426448635,0.4569085,0.9801,0.017153,0.911577040594762
body_WHRadjBMIz,cov_Sleeplessness,0.232874911725484,0.805037566007674,0.4756322,0.9876,0.002086,0.882563424612107
body_WHRadjBMIz,cov_SMOKING_STATUS,0.0351543021535851,0.00482592842625679,0.06031265,0.9781,0.016928,0.937871548418485
body_WHRadjBMIz,cov_TOWNSEND_DEPRIVATION,0.272056007396006,0.651421296727223,0.7707384,0.9798,0.00592700000000002,0.891525355594943
body_WHRadjBMIz,other_NAP_TIME,0.543683435456865,0.260169631608605,0.6587248,1.0035,0.014775,0.896999677969425
body_WHRadjBMIz,other_NO_WHEAT,0.90687248316233,0.780474446111169,0.9447979,1.0456,0.003635,0.883481658800222
body_WHRadjBMIz,other_TIME_TV,0.292003561023734,0.0820658833744408,0.005879223,0.9833,0.022846,0.949758082266209
bp_DIASTOLICadjMEDz,cov_ALCOHOL_DESC_ORDER,0.84394185202937,0.40210127856345,0.4237915,1.0281,0.011883,0.178047650106991
bp_DIASTOLICadjMEDz,cov_DIET,0.648380708300532,0.0259018374518768,0.5154776,1.0048,0.036851,0.157555271495073
bp_DIASTOLICadjMEDz,cov_ParticulateMatterAirPollution_irnt,0.326355220287922,0.200958522326406,0.9694526,0.9955,0.018434,0.174401463298563
bp_DIASTOLICadjMEDz,cov_PHYS2_DAYS_VERY_ACTIVE,0.204377383109667,0.219888550792141,0.1009945,0.9772,0.018129,0.167252772000606
bp_DIASTOLICadjMEDz,cov_Sleeplessness,0.0816345588272356,0.0173179748159307,0.5292865,0.9809,0.02174,0.176527570012185
bp_DIASTOLICadjMEDz,cov_SMOKING_STATUS,0.0142915460420067,0.000319140067816449,0.1496768,0.9757,0.023415,0.178086188577435
bp_DIASTOLICadjMEDz,cov_TOWNSEND_DEPRIVATION,0.539827837277028,0.0262250807859008,0.4329587,1.0027,0.031573,0.169536931915449
bp_DIASTOLICadjMEDz,other_NAP_TIME,0.913085038052915,0.0891311051860594,0.9680445,1.034,0.024055,0.168913175197869
bp_DIASTOLICadjMEDz,other_NO_WHEAT,0.616880227569106,0.553793205604359,0.5583964,1.0066,0.008432,0.161808572425823
bp_DIASTOLICadjMEDz,other_TIME_TV,0.0130900612009005,1.14467955783773e-05,0.01013318,0.9433,0.028371,0.222741202768791
bp_SYSTOLICadjMEDz,cov_ALCOHOL_DESC_ORDER,0.43577021448193,0.2085356522019,0.7067224,0.9962,0.017974,0.497268812034327
bp_SYSTOLICadjMEDz,cov_DIET,0.408500106616367,0.0335490035835183,0.1123772,0.9972,0.035194,0.453156701834589
bp_SYSTOLICadjMEDz,cov_ParticulateMatterAirPollution_irnt,0.301531787546967,0.239892739801826,0.2445388,0.9948,0.016985,0.477162828489005
bp_SYSTOLICadjMEDz,cov_PHYS2_DAYS_VERY_ACTIVE,0.171776127906344,0.0615522484546328,0.2459283,0.9749,0.027781,0.522770656921089
bp_SYSTOLICadjMEDz,cov_Sleeplessness,0.516617786490362,0.204131002585586,0.9603119,1.0006,0.011646,0.481622063974909
bp_SYSTOLICadjMEDz,cov_SMOKING_STATUS,NA,0.000174692588840351,0.4940848,NA,0.024506,0.468702459080094
bp_SYSTOLICadjMEDz,cov_TOWNSEND_DEPRIVATION,0.936086524106113,0.00228226466104963,0.3174321,1.0402,0.043348,0.503405194793851
bp_SYSTOLICadjMEDz,other_NAP_TIME,0.77074808098393,0.00724676003251099,0.7045906,1.0192,0.03809,0.489489407381211
bp_SYSTOLICadjMEDz,other_NO_WHEAT,0.355977861587238,0.844370662655733,0.1544199,0.9904,0.002803,0.49425099838186
bp_SYSTOLICadjMEDz,other_TIME_TV,0.0285383015683548,0.00285286019805313,0.2327547,0.9511,0.04295,0.47705235526234
disease_AID_ALL,cov_ALCOHOL_DESC_ORDER,0.014201181452456,0.00231469499035799,0.0003728309,0.7839,0.00201722895990752,5.04063658498371
disease_AID_ALL,cov_DIET,NA,0,0.3253048,NA,0.0567784973603774,3.94807361978923
disease_AID_ALL,cov_ParticulateMatterAirPollution_irnt,NA,1.33227266551821e-227,0.3450715,NA,0.0228201599656364,4.55516643898654
disease_AID_ALL,cov_PHYS2_DAYS_VERY_ACTIVE,0.304221037120561,0,0.01016895,0.9396,0.0318782527839394,4.99805829550291
disease_AID_ALL,cov_Sleeplessness,NA,0,0.9704296,NA,0.0308444760913646,4.7314560413725
disease_AID_ALL,cov_SMOKING_STATUS,NA,0,0.3313637,NA,0.0133874891371776,4.70257982488832
disease_AID_ALL,cov_TOWNSEND_DEPRIVATION,0.956771695347989,1.84192417898811e-119,0.8312513,1.2287,0.0152024674956382,4.65910862584923
disease_AID_ALL,other_NAP_TIME,0.949326493205785,2.74364389437967e-238,0.3672521,1.2315,0.0213057926320794,4.3357358976292
disease_AID_ALL,other_NO_WHEAT,0.768476963386215,0,0.003100877,1.0772,0.860422673764304,15.8215698438244
disease_AID_ALL,other_TIME_TV,0.399903935999832,0,0.0906306,0.9665,0.0252218216870586,4.86618621208074
disease_ALLERGY_ECZEMA_DIAGNOSED,cov_ALCOHOL_DESC_ORDER,0.361727091246003,0,0.003556612,0.9793,0.0166628389208085,0.768770013490858
disease_ALLERGY_ECZEMA_DIAGNOSED,cov_DIET,0.464043200297028,1.51152323122301e-232,0.490367,0.9975,0.0178669142907118,0.613292830292214
disease_ALLERGY_ECZEMA_DIAGNOSED,cov_ParticulateMatterAirPollution_irnt,0.560160497638055,0,0.4958951,1.0033,0.0244401464107462,0.570855210204706
disease_ALLERGY_ECZEMA_DIAGNOSED,cov_PHYS2_DAYS_VERY_ACTIVE,0.0628606900687669,0,0.8755419,0.9141,0.0351036887373405,0.445989985546074
disease_ALLERGY_ECZEMA_DIAGNOSED,cov_Sleeplessness,0.795440157871092,0,0.9111854,1.0279,0.0287928029673686,0.565860438957463
disease_ALLERGY_ECZEMA_DIAGNOSED,cov_SMOKING_STATUS,0.24465513875418,0,0.001147547,0.9823,0.0263339500114624,0.80883689976849
disease_ALLERGY_ECZEMA_DIAGNOSED,cov_TOWNSEND_DEPRIVATION,0.357173390086779,0,0.02111379,0.9791,0.0148698396762083,0.704701406621702
disease_ALLERGY_ECZEMA_DIAGNOSED,other_NAP_TIME,0.758347455731645,0,0.8986219,1.0422,0.0233294046707053,0.577032755308974
disease_ALLERGY_ECZEMA_DIAGNOSED,other_NO_WHEAT,0.339109891352694,0.00344184401688036,0.2841733,0.9766,0.0341251618667705,0.6735005359624
disease_ALLERGY_ECZEMA_DIAGNOSED,other_TIME_TV,0.0161063011632212,0,0.01543868,0.8882,0.0638578668453096,0.723513245775068
disease_ASTHMA_DIAGNOSED,cov_ALCOHOL_DESC_ORDER,0.355571718076459,2.21421715034796e-77,0.5226401,0.9723,0.013453869537256,0.666814567552374
disease_ASTHMA_DIAGNOSED,cov_DIET,0.95559928973258,0,0.3581918,1.0679,0.117880786349455,0.995266343245725
disease_ASTHMA_DIAGNOSED,cov_ParticulateMatterAirPollution_irnt,0.198733462711296,3.28608804729945e-170,0.8718514,0.9747,0.0216536951363399,0.74060158843667
disease_ASTHMA_DIAGNOSED,cov_PHYS2_DAYS_VERY_ACTIVE,0.28739662485583,0,0.5311264,0.9554,0.0537003907618179,0.829803544419673
disease_ASTHMA_DIAGNOSED,cov_Sleeplessness,0.396546976678154,0,0.05730391,0.9888,0.0519400561077136,0.816701822007557
disease_ASTHMA_DIAGNOSED,cov_SMOKING_STATUS,0.555935776315024,0,0.1676018,1.0046,0.0356004410675367,0.746855531274803
disease_ASTHMA_DIAGNOSED,cov_TOWNSEND_DEPRIVATION,0.42656226530477,5.12967113346731e-306,0.4497535,0.9868,0.0271539194727458,0.693211969245068
disease_ASTHMA_DIAGNOSED,other_NAP_TIME,0.597506519687134,0,0.8485093,1.0199,0.0293282085042741,0.629429196364788
disease_ASTHMA_DIAGNOSED,other_NO_WHEAT,0.0238534957700445,0.587952559335506,0.2847809,0.8715,0.00924671484359746,0.650088922559061
disease_ASTHMA_DIAGNOSED,other_TIME_TV,0.00750704870883173,2.80414142519838e-92,0.1455848,0.8497,0.0152846906304023,0.727921537823039
disease_HI_CHOL_SELF_REP,cov_ALCOHOL_DESC_ORDER,0.685933697718803,1.65582913358545e-69,0.5383515,1.0418,0.0115452157353747,6.09369053483486
disease_HI_CHOL_SELF_REP,cov_DIET,0.957583899614212,0,0.00280087,1.0791,0.0594076808616969,6.01873673415041
disease_HI_CHOL_SELF_REP,cov_ParticulateMatterAirPollution_irnt,0.48164085569381,5.30955449375686e-29,0.0004657143,0.9982,0.00842168339513921,6.16702648141187
disease_HI_CHOL_SELF_REP,cov_PHYS2_DAYS_VERY_ACTIVE,0.433519474362043,7.54209935223679e-238,0.002967166,0.9852,0.0263447453603031,6.60609366614252
disease_HI_CHOL_SELF_REP,cov_Sleeplessness,0.5,0.000979090398664235,0.003102834,1,0.00144921702653356,5.98488101734641
disease_HI_CHOL_SELF_REP,cov_SMOKING_STATUS,0.199077813222767,0,0.3068845,0.9684,0.0170436642372982,5.99865359061311
disease_HI_CHOL_SELF_REP,cov_TOWNSEND_DEPRIVATION,0.271850434350036,0,0.3784031,0.9479,0.0675986282770555,5.9011033446717
disease_HI_CHOL_SELF_REP,other_NAP_TIME,0.871723402907575,0.000176320007290285,0.1401552,1.1096,0.00278355369708624,5.88110963972115
disease_HI_CHOL_SELF_REP,other_NO_WHEAT,0.773533823732708,0.0494588390079943,0.3900381,1.0701,0.0403815905111198,6.10943996108462
disease_HI_CHOL_SELF_REP,other_TIME_TV,0.889589729921082,1.18307951106699e-281,0.005440331,1.1599,0.0336700243891773,6.17349910190799
disease_HYPERTENSION_DIAGNOSED,cov_ALCOHOL_DESC_ORDER,0.64372034899686,1.47409510248743e-27,0.06544069,1.0126,0.00399140161912481,2.55055785025471
disease_HYPERTENSION_DIAGNOSED,cov_DIET,0.67509385956468,0,0.08026903,1.0079,0.0409097174652159,2.63282931202659
disease_HYPERTENSION_DIAGNOSED,cov_ParticulateMatterAirPollution_irnt,0.248076378732416,0,0.8917655,0.9902,0.0210886821571522,2.45536457054515
disease_HYPERTENSION_DIAGNOSED,cov_PHYS2_DAYS_VERY_ACTIVE,0.117447180989293,4.81292072955586e-11,0.04351181,0.957,0.00276625733095015,2.72238738088118
disease_HYPERTENSION_DIAGNOSED,cov_Sleeplessness,0.24265808925911,1.14952503612223e-88,0.003997641,0.9843,0.00453381171673373,2.62029211038558
disease_HYPERTENSION_DIAGNOSED,cov_SMOKING_STATUS,0.0327035257264653,0,0.9174202,0.9731,0.0207563107002232,2.50249289424325
disease_HYPERTENSION_DIAGNOSED,cov_TOWNSEND_DEPRIVATION,0.79463853874293,0,0.3566045,1.032,0.0281076921851337,2.4796035252488
disease_HYPERTENSION_DIAGNOSED,other_NAP_TIME,0.705587844684171,0,0.0007049119,1.02,0.0495044895513716,2.73368562160672
disease_HYPERTENSION_DIAGNOSED,other_NO_WHEAT,0.239899896901378,1.80672471719086e-46,0.0605085,0.9776,0.164052615771938,3.11696435153346
disease_HYPERTENSION_DIAGNOSED,other_TIME_TV,0.0618862281579473,4.54487272015353e-293,0.009898371,0.9469,0.0157786306395068,2.69156055181177
disease_HYPOTHYROIDISM_SELF_REP,cov_ALCOHOL_DESC_ORDER,0.525720367622184,1.41142603396928e-10,4.249018e-07,1.0054,0.0160635349101693,15.8217062511365
disease_HYPOTHYROIDISM_SELF_REP,cov_DIET,0.8912011442836,1.71985676679527e-204,0.7861474,1.0524,0.0942971819108249,12.7632316462983
disease_HYPOTHYROIDISM_SELF_REP,cov_ParticulateMatterAirPollution_irnt,0.759191343320737,0.97071403839908,0.07657281,1.0247,8.39072400892205e-05,14.4089380258314
disease_HYPOTHYROIDISM_SELF_REP,cov_PHYS2_DAYS_VERY_ACTIVE,0.0423720561737146,7.23447057782897e-08,0.7854646,0.8421,0.0135825481255777,14.0087357162422
disease_HYPOTHYROIDISM_SELF_REP,cov_Sleeplessness,0.796783942576841,0,0.1007792,1.0484,0.0637231288505062,14.6309842842128
disease_HYPOTHYROIDISM_SELF_REP,cov_SMOKING_STATUS,0.0776507296135615,8.2758629237824e-84,0.8910263,0.9514,0.00812862950965454,14.3697111281735
disease_HYPOTHYROIDISM_SELF_REP,cov_TOWNSEND_DEPRIVATION,0.283306627743274,7.6669394599222e-298,0.0612106,0.9494,0.0788040635536524,14.6100299158749
disease_HYPOTHYROIDISM_SELF_REP,other_NAP_TIME,0.237631427315221,1.68688398816621e-71,0.02992572,0.9406,0.0368425624328099,14.4640046300797
disease_HYPOTHYROIDISM_SELF_REP,other_NO_WHEAT,0.566648845462138,6.9546867252885e-54,0.4868598,1.0142,0.671598648950322,23.9377737542142
disease_HYPOTHYROIDISM_SELF_REP,other_TIME_TV,0.195728498021167,2.7517759794649e-38,0.0003681239,0.9257,0.0287051446451695,14.9942102325908
disease_RESPIRATORY_ENT,cov_ALCOHOL_DESC_ORDER,0.347786142739029,0,0.4960026,0.9694,0.0244117702643299,0.412979726671145
disease_RESPIRATORY_ENT,cov_DIET,0.868363125425447,0,0.4427144,1.0443,0.0696661630151717,0.53199950006798
disease_RESPIRATORY_ENT,cov_ParticulateMatterAirPollution_irnt,0.12764070724628,0,0.4684253,0.9628,0.0448071899383451,0.546308707192295
disease_RESPIRATORY_ENT,cov_PHYS2_DAYS_VERY_ACTIVE,0.427937182732869,0,0.1236282,0.9826,0.0387436813031312,0.649314408924069
disease_RESPIRATORY_ENT,cov_Sleeplessness,0.762738557957892,0,0.2341804,1.0359,0.0257963787687753,0.462874717937796
disease_RESPIRATORY_ENT,cov_SMOKING_STATUS,0.363789294052418,0,0.3309253,0.9884,0.0398169214375401,0.446126701791841
disease_RESPIRATORY_ENT,cov_TOWNSEND_DEPRIVATION,0.515013102625821,0,0.6637118,1.003,0.0560798408724159,0.424229911548932
disease_RESPIRATORY_ENT,other_NAP_TIME,0.44299760771456,0,0.3300685,0.9881,0.0293075576123602,0.408956792532539
disease_RESPIRATORY_ENT,other_NO_WHEAT,0.097436712051467,0.421578214674875,0.4618244,0.902,0.0114171951672465,0.335281766316975
disease_RESPIRATORY_ENT,other_TIME_TV,0.0231579071750443,2.66607024591735e-101,0.006312068,0.8671,0.0126966172143685,0.662531525628901
disease_T2D,cov_ALCOHOL_DESC_ORDER,0.154051581838263,1.01613584849892e-161,1.300412e-13,0.9045,0.0754377712355492,18.4803140885617
disease_T2D,cov_DIET,0.262089507924562,5.50927024805606e-53,0.0190124,0.9686,0.062830605186957,17.1588315116743
disease_T2D,cov_ParticulateMatterAirPollution_irnt,0.526441069323566,3.28953666294004e-46,0.6336678,1.0026,0.0412857422590205,14.5186955463842
disease_T2D,cov_PHYS2_DAYS_VERY_ACTIVE,0.734014470951299,0,0.0007529933,1.0285,0.13849812140834,15.5233271341595
disease_T2D,cov_Sleeplessness,0.1591021062278,0.00288845694660482,0.2564217,0.9459,0.00483174214675103,14.6520541801897
disease_T2D,cov_SMOKING_STATUS,0.583222719415456,8.53218144730205e-09,0.4567864,1.0087,0.00298705160186702,14.3845296894877
disease_T2D,cov_TOWNSEND_DEPRIVATION,0.70298711129662,4.24092990497085e-72,0.02478626,1.0662,0.0515556689078914,14.4120706725853
disease_T2D,other_NAP_TIME,0.89252507870156,0,4.941946e-12,1.1436,0.162238261086128,17.7034893200999
disease_T2D,other_NO_WHEAT,0.433203412728786,3.43154849616826e-09,0.2709405,0.9856,0.371935572917614,21.6374601293875
disease_T2D,other_TIME_TV,0.749680951862247,8.29261324783502e-50,2.004936e-07,1.0823,0.0634468063868352,15.8933747768313
lung_FEV1FVCzSMOKE,cov_ALCOHOL_DESC_ORDER,0.713913312175804,0.0668724620208253,0.7656151,1.0135,0.029374,0.0451516385265621
lung_FEV1FVCzSMOKE,cov_DIET,NA,0.215229416471068,0.6320832,NA,0.022859,0.0437773656206873
lung_FEV1FVCzSMOKE,cov_ParticulateMatterAirPollution_irnt,NA,0.924547930542548,0.377632,NA,0.00151299999999999,0.0539453237473013
lung_FEV1FVCzSMOKE,cov_PHYS2_DAYS_VERY_ACTIVE,0.228106227196853,0.0177003513768631,0.3875676,0.981,0.039757,0.0404591721274679
lung_FEV1FVCzSMOKE,cov_Sleeplessness,NA,1.11411117468788e-06,0.969494,NA,0.048931,0.0439405102713244
lung_FEV1FVCzSMOKE,cov_SMOKING_STATUS,NA,0.330567581509648,0.001918014,NA,0.00701400000000002,0.128067211756568
lung_FEV1FVCzSMOKE,cov_TOWNSEND_DEPRIVATION,0.125071935637151,0.324339929952024,0.4176011,0.9724,0.015764,0.0462561758550557
lung_FEV1FVCzSMOKE,other_NAP_TIME,0.0935903204157528,0.972045654710001,0.2276405,0.9694,0.00055299999999997,0.0556867134285389
lung_FEV1FVCzSMOKE,other_NO_WHEAT,0.110716361241681,0.171704784705114,0.1329754,0.9731,0.021066,0.0630492921391572
lung_FEV1FVCzSMOKE,other_TIME_TV,0.447525804088191,0.0762414682671205,0.6865821,0.9969,0.028304,0.0404786083209754
mental_NEUROTICISM,cov_ALCOHOL_DESC_ORDER,0.191941864484419,0.13712548948669,0.5708805,0.9589,0.023104,0.0208962177288225
mental_NEUROTICISM,cov_DIET,NA,0.884961121975521,0.1251354,NA,0.00254699999999999,0.0676933446323129
mental_NEUROTICISM,cov_ParticulateMatterAirPollution_irnt,NA,0.222412831383082,0.2542162,NA,0.018999,0.0412385695482061
mental_NEUROTICISM,cov_PHYS2_DAYS_VERY_ACTIVE,0.0659286339093729,0.0998446236324727,0.8888931,0.9337,0.026299,0.0181302834255781
mental_NEUROTICISM,cov_Sleeplessness,NA,0.251565976441446,0.00122091,NA,0.01086,0.226189718584153
mental_NEUROTICISM,cov_SMOKING_STATUS,NA,0.194578252663312,0.9779066,NA,0.00897399999999998,0.0128592221956375
mental_NEUROTICISM,cov_TOWNSEND_DEPRIVATION,0.837177134898051,0.696074742542783,0.9445587,1.0518,0.00600500000000001,0.0163103316474317
mental_NEUROTICISM,other_NAP_TIME,0.679536525719539,0.0735186573829032,0.7939,1.0236,0.027532,0.0159664035217803
mental_NEUROTICISM,other_NO_WHEAT,0.452169723476273,0.524648091527092,0.2828245,0.9947,0.00982,0.0444001414828543
mental_NEUROTICISM,other_TIME_TV,0.332533964095562,0.00022397559238647,0.09368003,0.9787,0.057424,0.0790839927104289
