biochemistry_Cholesterol,cov_PHYS2_DAYS_VERY_ACTIVE,0.21222,0.219451,0.262709,0.253448,0.24881,0.009933,0.009976,0.010046,0.009996,0.009961,0.215765,0.228142,0.00448,0.004492
biochemistry_Cholesterol,cov_ALCOHOL_DESC_ORDER,0.225138,0.256312,0.228246,0.254075,0.213281,0.009521,0.009559,0.009574,0.009631,0.009453,0.223384,0.212277,0.004309,0.004294
biochemistry_Cholesterol,cov_TOWNSEND_DEPRIVATION,0.238612,0.232282,0.24423,0.234644,0.234368,0.009576,0.009566,0.009609,0.009549,0.009555,0.222389,0.214538,0.004323,0.004298
biochemistry_Cholesterol,other_TIME_TV,0.273119,0.252928,0.243924,0.227029,0.183303,0.009712,0.009616,0.009621,0.009585,0.009522,0.242802,nan,0.004368,nan
biochemistry_Cholesterol,other_NAP_TIME,0.258641,0.259218,0.239475,0.204918,0.212702,0.009553,0.009603,0.009553,0.009474,0.00951,0.240124,0.199439,0.004338,0.004264
biochemistry_Cholesterol,other_NO_WHEAT,0.226865,0.238938,0.241363,0.236625,0.229579,0.009507,0.009523,0.009558,0.009552,0.009571,0.201888,0.227716,0.002531,0.058623
biochemistry_Cholesterol,cov_DIET,0.216093,0.248028,0.229095,0.25023,0.24686,0.011002,0.011122,0.011097,0.011184,0.011117,0.221506,0.220277,0.004948,0.004945
biochemistry_Cholesterol,cov_Sleeplessness,nan,nan,nan,nan,nan,nan,nan,nan,nan,nan,0.250878,0.203511,0.008218,0.003056
biochemistry_Cholesterol,cov_ParticulateMatterAirPollution_irnt,0.251526,0.236663,0.235403,0.214752,0.239325,0.009699,0.009674,0.009701,0.00961,0.009741,0.216168,0.213147,0.004353,0.004359
biochemistry_Cholesterol,cov_SMOKING_STATUS,nan,nan,nan,nan,nan,nan,nan,nan,nan,nan,0.233825,0.204055,0.004042,0.004667
biochemistry_Glucose,cov_PHYS2_DAYS_VERY_ACTIVE,0.097777,0.092499,0.111877,0.121609,0.105689,0.01049,0.010434,0.010503,0.010526,0.010454,0.103096,0.114809,0.004582,0.004596
biochemistry_Glucose,cov_ALCOHOL_DESC_ORDER,0.103297,0.123433,0.113997,0.090302,0.112576,0.010033,0.010114,0.010087,0.009916,0.010153,0.104413,0.107421,0.004376,0.004407
biochemistry_Glucose,cov_TOWNSEND_DEPRIVATION,0.115146,0.122521,0.096171,0.092024,0.105628,0.010072,0.0102,0.009936,0.009967,0.010148,0.108123,0.102415,0.004384,0.004395
biochemistry_Glucose,other_TIME_TV,0.115427,0.103416,0.100837,0.115251,0.102906,0.010117,0.010125,0.010119,0.010191,0.010222,0.10955,0.10976,0.004425,0.004458
biochemistry_Glucose,other_NAP_TIME,0.107369,0.102423,0.099974,0.110307,0.10753,0.010077,0.009937,0.01004,0.010162,0.010099,0.105103,0.107936,0.004397,0.004403
biochemistry_Glucose,other_NO_WHEAT,0.10096,0.109369,0.1088,0.116352,0.098729,0.010019,0.010048,0.01009,0.010134,0.010151,0.104581,0.133804,0.002493,0.068999
biochemistry_Glucose,cov_DIET,0.114245,0.109894,0.099551,0.103631,0.122603,0.011848,0.0118,0.011709,0.01181,0.011779,0.114955,0.105026,0.005148,0.00509
biochemistry_Glucose,cov_Sleeplessness,nan,nan,nan,nan,nan,nan,nan,nan,nan,nan,0.105216,0.107362,0.00855,0.003069
biochemistry_Glucose,cov_ParticulateMatterAirPollution_irnt,0.107688,0.112574,0.097944,0.094139,0.112916,0.010212,0.010269,0.010181,0.010091,0.010292,0.109483,0.105928,0.004461,0.004453
biochemistry_Glucose,cov_SMOKING_STATUS,nan,nan,nan,nan,nan,nan,nan,nan,nan,nan,0.109731,0.104167,0.004084,0.004819
biochemistry_HbA1c,cov_PHYS2_DAYS_VERY_ACTIVE,0.284182,0.293886,0.314228,0.31268,0.30618,0.010185,0.010249,0.010113,0.010152,0.010176,0.283424,0.284297,0.004636,0.004601
biochemistry_HbA1c,cov_ALCOHOL_DESC_ORDER,0.304787,0.321725,0.30213,0.290946,0.300389,0.00976,0.009748,0.009766,0.009794,0.009823,0.289675,0.273601,0.00445,0.004444
biochemistry_HbA1c,cov_TOWNSEND_DEPRIVATION,0.297763,0.30442,0.302293,0.297571,0.29195,0.009727,0.009823,0.009768,0.009772,0.009817,0.284687,0.272855,0.004441,0.004444
biochemistry_HbA1c,other_TIME_TV,0.305386,0.314239,0.315195,0.298559,0.276942,0.009835,0.009809,0.009869,0.009792,0.009901,0.288003,0.276205,0.004451,0.004476
biochemistry_HbA1c,other_NAP_TIME,0.311195,0.328023,0.303421,0.290666,0.300334,0.009725,0.009733,0.009832,0.009758,0.009864,0.290264,0.275311,0.004446,0.00445
biochemistry_HbA1c,other_NO_WHEAT,0.298363,0.294161,0.303962,0.320389,0.292249,0.009736,0.0097,0.009777,0.009811,0.009889,0.262333,0.316755,0.002643,0.065249
biochemistry_HbA1c,cov_DIET,0.313766,0.301929,0.306713,0.292178,0.317556,0.011404,0.011357,0.011418,0.011312,0.01135,0.287549,0.283699,0.005104,0.005095
biochemistry_HbA1c,cov_Sleeplessness,nan,nan,nan,nan,nan,nan,nan,nan,nan,nan,0.300157,0.267554,0.008353,0.003173
biochemistry_HbA1c,cov_ParticulateMatterAirPollution_irnt,0.305779,0.297533,0.299328,0.305414,0.303314,0.009822,0.009892,0.009973,0.009971,0.009914,0.281077,0.27763,0.004495,0.004508
biochemistry_HbA1c,cov_SMOKING_STATUS,nan,nan,nan,nan,nan,nan,nan,nan,nan,nan,0.289342,0.277837,0.004142,0.004837
biochemistry_HDLcholesterol,cov_PHYS2_DAYS_VERY_ACTIVE,0.439534,0.440339,0.451926,0.446234,nan,0.010862,0.010876,0.01087,0.010884,nan,0.399087,0.40816,0.004882,0.004875
biochemistry_HDLcholesterol,cov_ALCOHOL_DESC_ORDER,0.404897,0.458799,0.47148,0.462373,nan,0.010475,0.010356,0.010318,0.010339,nan,0.398147,0.413622,0.004715,0.00466
biochemistry_HDLcholesterol,cov_TOWNSEND_DEPRIVATION,0.454633,0.45814,0.43465,0.464406,nan,0.01037,0.010343,0.01039,0.010363,nan,0.409023,0.393296,0.004691,0.004696
biochemistry_HDLcholesterol,other_TIME_TV,0.428684,0.446444,0.455081,0.439149,nan,0.010424,0.010445,0.010444,0.010482,nan,0.402023,0.389679,0.004714,0.004726
biochemistry_HDLcholesterol,other_NAP_TIME,0.443675,0.426113,0.442554,0.432117,nan,0.010391,0.010418,0.01038,0.010364,nan,0.394874,0.398014,0.004699,0.004697
biochemistry_HDLcholesterol,other_NO_WHEAT,0.448638,0.439153,0.421431,0.449033,nan,0.010335,0.010351,0.01047,0.010448,nan,0.366923,0.413681,0.0028,0.071101
biochemistry_HDLcholesterol,cov_DIET,0.449644,0.472256,0.448448,0.454667,0.442246,0.01217,0.012005,0.012105,0.011981,0.01218,0.411823,0.404597,0.005366,0.005377
biochemistry_HDLcholesterol,cov_Sleeplessness,nan,nan,nan,nan,nan,nan,nan,nan,nan,nan,0.432556,0.377445,0.008848,0.003364
biochemistry_HDLcholesterol,cov_ParticulateMatterAirPollution_irnt,0.442664,0.455847,0.437139,0.433091,0.440251,0.010505,0.010542,0.01055,0.010608,0.010553,0.406296,0.398005,0.00476,0.004759
biochemistry_HDLcholesterol,cov_SMOKING_STATUS,nan,nan,nan,nan,nan,nan,nan,nan,nan,nan,0.40032,0.390357,0.004368,0.005119
biochemistry_LDLdirect,cov_PHYS2_DAYS_VERY_ACTIVE,0.197971,0.217685,0.259214,0.247139,0.24027,0.009916,0.009979,0.010088,0.010045,0.009996,0.20823,0.222877,0.004477,0.004504
biochemistry_LDLdirect,cov_ALCOHOL_DESC_ORDER,0.220168,0.252842,0.227611,0.248024,0.197352,0.009531,0.0096,0.009598,0.009646,0.009446,0.217041,0.205822,0.004307,0.004297
biochemistry_LDLdirect,cov_TOWNSEND_DEPRIVATION,0.225723,0.224023,0.237222,0.232292,0.228605,0.009576,0.00957,0.009632,0.009578,0.009596,0.214143,0.20855,0.004323,0.004297
biochemistry_LDLdirect,other_TIME_TV,0.272108,0.249907,0.232003,0.217237,0.170656,0.00975,0.00967,0.009644,0.009584,0.00949,0.241813,0.189975,0.004382,0.004286
biochemistry_LDLdirect,other_NAP_TIME,0.258357,0.259567,0.231067,0.192036,0.200146,0.009576,0.009632,0.009558,0.009456,0.009519,0.239856,0.188564,0.004351,0.004251
biochemistry_LDLdirect,other_NO_WHEAT,0.225203,0.225031,0.238816,0.22946,0.216254,0.009548,0.009524,0.009596,0.009567,0.00958,0.196759,0.208817,0.002529,0.060178
biochemistry_LDLdirect,cov_DIET,0.200946,0.236115,0.222194,0.242481,0.249668,0.011017,0.011149,0.011128,0.011206,0.011168,0.21132,0.219154,0.004949,0.004961
biochemistry_LDLdirect,cov_Sleeplessness,nan,nan,nan,nan,nan,nan,nan,nan,nan,nan,0.243049,0.197272,0.008211,0.003055
biochemistry_LDLdirect,cov_ParticulateMatterAirPollution_irnt,0.237668,0.230159,0.232037,0.207878,0.226436,0.009697,0.009697,0.009735,0.009632,0.009759,0.208601,0.207555,0.004348,0.004368
biochemistry_LDLdirect,cov_SMOKING_STATUS,nan,nan,nan,nan,nan,nan,nan,nan,nan,nan,0.231014,0.19231,0.00405,0.004652
biochemistry_Triglycerides,cov_PHYS2_DAYS_VERY_ACTIVE,0.319315,0.326559,0.324038,0.305954,0.298943,0.010128,0.010081,0.010097,0.010014,0.010018,0.283551,0.274798,0.004544,0.004524
biochemistry_Triglycerides,cov_ALCOHOL_DESC_ORDER,0.27922,0.305219,0.312824,0.324719,0.323203,0.009633,0.009642,0.009652,0.009685,0.009658,0.259641,0.284729,0.004343,0.004367
biochemistry_Triglycerides,cov_TOWNSEND_DEPRIVATION,0.324241,0.308922,0.300061,0.318539,0.312809,0.00967,0.009655,0.009639,0.009674,0.009717,0.276665,0.276832,0.004362,0.004365
biochemistry_Triglycerides,other_TIME_TV,0.294153,0.294545,0.306408,0.310026,nan,0.009674,0.009628,0.009735,0.009703,nan,0.26908,0.269048,0.00436,0.004368
biochemistry_Triglycerides,other_NAP_TIME,0.304578,0.309806,0.305018,0.31612,nan,0.009615,0.009655,0.009634,0.009723,nan,0.270573,0.275409,0.00436,0.004356
biochemistry_Triglycerides,other_NO_WHEAT,0.290568,0.299835,0.32442,0.31306,0.304186,0.009601,0.0096,0.009708,0.009675,0.009664,0.249428,0.372184,0.002582,0.062398
biochemistry_Triglycerides,cov_DIET,0.313829,0.318848,0.330764,0.318996,0.308986,0.011228,0.011191,0.011309,0.011206,0.011156,0.287156,0.276829,0.005003,0.004976
biochemistry_Triglycerides,cov_Sleeplessness,nan,nan,nan,nan,nan,nan,nan,nan,nan,nan,0.282326,0.262165,0.008216,0.003115
biochemistry_Triglycerides,cov_ParticulateMatterAirPollution_irnt,0.297917,0.300355,0.319639,0.294876,0.320559,0.009675,0.009762,0.009843,0.009712,0.009883,0.271805,0.276842,0.004398,0.004425
biochemistry_Triglycerides,cov_SMOKING_STATUS,nan,nan,nan,nan,nan,nan,nan,nan,nan,nan,0.274987,0.271572,0.004055,0.004743
biochemistry_VitaminD,cov_PHYS2_DAYS_VERY_ACTIVE,0.150139,0.172099,0.184453,0.168481,0.175372,0.010225,0.01036,0.010341,0.010301,0.010139,0.159595,0.168401,0.004563,0.004528
biochemistry_VitaminD,cov_ALCOHOL_DESC_ORDER,0.184746,0.170868,0.168595,0.173282,0.169902,0.010013,0.009823,0.009799,0.009829,0.009902,0.165175,0.160576,0.004362,0.004366
biochemistry_VitaminD,cov_TOWNSEND_DEPRIVATION,0.197501,0.178764,0.168375,0.154485,0.146119,0.009908,0.009888,0.009833,0.009784,0.009826,0.173005,0.146735,0.004386,0.004322
biochemistry_VitaminD,other_TIME_TV,0.161793,0.172863,0.16869,0.188511,0.161114,0.009781,0.009887,0.009887,0.009994,0.010008,0.160126,0.16769,0.004352,0.004433
biochemistry_VitaminD,other_NAP_TIME,0.175899,0.180552,0.164781,0.168984,0.174699,0.009868,0.009936,0.009825,0.009858,0.009887,0.166605,0.163591,0.004375,0.004368
biochemistry_VitaminD,other_NO_WHEAT,0.173632,0.151335,0.167564,0.177063,0.173672,0.009832,0.009767,0.009781,0.009881,0.009928,0.153048,0.312744,0.002516,0.065405
biochemistry_VitaminD,cov_DIET,0.173158,0.141959,0.174837,0.161878,0.187746,0.011452,0.011304,0.011534,0.011441,0.011535,0.161567,0.167279,0.005007,0.005049
biochemistry_VitaminD,cov_Sleeplessness,nan,nan,nan,nan,nan,nan,nan,nan,nan,nan,0.153425,0.158315,0.008265,0.003077
biochemistry_VitaminD,cov_ParticulateMatterAirPollution_irnt,0.168435,0.156716,0.165992,0.177748,0.147817,0.010026,0.009885,0.010016,0.009974,0.009944,0.160276,0.158753,0.004402,0.004416
biochemistry_VitaminD,cov_SMOKING_STATUS,nan,nan,nan,nan,nan,nan,nan,nan,nan,nan,0.163884,0.161171,0.004059,0.004741
blood_EOSINOPHIL_COUNT,cov_PHYS2_DAYS_VERY_ACTIVE,0.316108,0.322241,0.345355,0.345512,0.323875,0.009995,0.009992,0.010003,0.009975,0.010013,0.29471,0.307033,0.00456,0.004542
blood_EOSINOPHIL_COUNT,cov_ALCOHOL_DESC_ORDER,0.325995,0.344504,0.327286,0.323662,0.322554,0.00958,0.009669,0.009575,0.009543,0.009628,0.308057,0.298468,0.00439,0.004394
blood_EOSINOPHIL_COUNT,cov_TOWNSEND_DEPRIVATION,0.342164,0.339467,0.329893,0.323121,nan,0.009598,0.009615,0.009592,0.009581,nan,0.305593,0.293273,0.004393,0.004379
blood_EOSINOPHIL_COUNT,other_TIME_TV,0.333861,0.345173,0.331693,0.314899,nan,0.009658,0.009625,0.009678,0.009642,nan,0.308588,0.289486,0.004403,0.004402
blood_EOSINOPHIL_COUNT,other_NAP_TIME,nan,nan,nan,nan,nan,nan,nan,nan,nan,nan,0.302918,0.295844,0.004367,0.004388
blood_EOSINOPHIL_COUNT,other_NO_WHEAT,0.338349,0.333231,0.327977,0.325496,nan,0.009678,0.009579,0.009609,0.009589,nan,nan,nan,nan,nan
blood_EOSINOPHIL_COUNT,cov_DIET,0.33686,0.328689,0.318441,0.340532,0.333933,0.011098,0.01109,0.011121,0.011165,0.011116,0.302404,0.309217,0.005005,0.005029
blood_EOSINOPHIL_COUNT,cov_Sleeplessness,nan,nan,nan,nan,nan,nan,nan,nan,nan,nan,0.33054,0.283663,0.008188,0.003145
blood_EOSINOPHIL_COUNT,cov_ParticulateMatterAirPollution_irnt,0.330974,0.318693,0.331952,0.334401,0.338228,0.009764,0.00975,0.009762,0.00973,0.009738,0.301318,0.306352,0.004448,0.004442
blood_EOSINOPHIL_COUNT,cov_SMOKING_STATUS,nan,nan,nan,nan,nan,nan,nan,nan,nan,nan,0.300799,0.302113,0.004088,0.00477
blood_HIGH_LIGHT_SCATTER_RETICULOCYTE_COUNT,cov_PHYS2_DAYS_VERY_ACTIVE,0.351812,0.343121,0.360852,0.363179,0.354174,0.010106,0.010074,0.010069,0.010065,0.010083,0.319645,0.330269,0.004576,0.004589
blood_HIGH_LIGHT_SCATTER_RETICULOCYTE_COUNT,cov_ALCOHOL_DESC_ORDER,0.353279,0.338561,0.371155,0.36265,nan,0.009702,0.00968,0.009612,0.009606,nan,0.319349,0.331417,0.00441,0.004412
blood_HIGH_LIGHT_SCATTER_RETICULOCYTE_COUNT,cov_TOWNSEND_DEPRIVATION,0.32844,0.367693,0.35606,0.355344,nan,0.009633,0.009664,0.009648,0.009694,nan,0.323207,0.320093,0.004401,0.004425
blood_HIGH_LIGHT_SCATTER_RETICULOCYTE_COUNT,other_TIME_TV,0.357272,0.354497,0.36047,0.338439,nan,0.009742,0.009722,0.00973,0.009712,nan,0.326768,0.310803,0.004446,0.004427
blood_HIGH_LIGHT_SCATTER_RETICULOCYTE_COUNT,other_NAP_TIME,0.335889,0.341838,0.344437,0.339078,0.35462,0.009689,0.009645,0.009682,0.009601,0.00966,0.322267,0.323639,0.004426,0.004412
blood_HIGH_LIGHT_SCATTER_RETICULOCYTE_COUNT,other_NO_WHEAT,0.330155,0.356486,0.345345,0.361142,nan,0.009687,0.009632,0.009686,0.009653,nan,0.301504,0.441559,0.002642,0.062063
blood_HIGH_LIGHT_SCATTER_RETICULOCYTE_COUNT,cov_DIET,0.356569,0.352144,0.368736,0.351995,0.369368,0.011195,0.011218,0.011264,0.011207,0.011233,0.330357,0.327635,0.005063,0.005053
blood_HIGH_LIGHT_SCATTER_RETICULOCYTE_COUNT,cov_Sleeplessness,nan,nan,nan,nan,nan,nan,nan,nan,nan,nan,0.339784,0.308171,0.008284,0.003173
blood_HIGH_LIGHT_SCATTER_RETICULOCYTE_COUNT,cov_ParticulateMatterAirPollution_irnt,0.362106,0.347974,0.347197,0.353237,0.355532,0.009726,0.009804,0.009818,0.009762,0.009861,0.323276,0.321155,0.004458,0.004481
blood_HIGH_LIGHT_SCATTER_RETICULOCYTE_COUNT,cov_SMOKING_STATUS,nan,nan,nan,nan,nan,nan,nan,nan,nan,nan,0.324765,0.319729,0.00411,0.004793
blood_LYMPHOCYTE_COUNT,cov_PHYS2_DAYS_VERY_ACTIVE,0.339461,0.339008,0.328925,0.348173,0.337928,0.009935,0.009902,0.009878,0.009845,0.009883,0.303222,0.308158,0.004509,0.004506
blood_LYMPHOCYTE_COUNT,cov_ALCOHOL_DESC_ORDER,nan,nan,nan,nan,nan,nan,nan,nan,nan,nan,0.303889,0.309468,0.004349,0.004349
blood_LYMPHOCYTE_COUNT,cov_TOWNSEND_DEPRIVATION,0.353469,0.330651,0.333797,0.336367,0.319549,0.009445,0.009471,0.009517,0.009547,0.00953,0.310663,0.302003,0.004342,0.004356
blood_LYMPHOCYTE_COUNT,other_TIME_TV,0.346079,0.325178,0.333291,0.341872,nan,0.009556,0.00951,0.009521,0.009564,nan,0.310597,0.295819,0.004359,0.004357
blood_LYMPHOCYTE_COUNT,other_NAP_TIME,0.354401,0.338837,0.336291,0.334012,0.326534,0.00953,0.009471,0.009434,0.009539,0.00949,0.306263,0.29665,0.004332,0.004332
blood_LYMPHOCYTE_COUNT,other_NO_WHEAT,nan,nan,nan,nan,nan,nan,nan,nan,nan,nan,0.282631,0.544585,0.002595,0.062802
blood_LYMPHOCYTE_COUNT,cov_DIET,0.339821,0.356232,0.353583,0.347621,0.339304,0.011055,0.011071,0.011032,0.011025,0.011005,0.314116,0.312756,0.004971,0.004991
blood_LYMPHOCYTE_COUNT,cov_Sleeplessness,nan,nan,nan,nan,nan,nan,nan,nan,nan,nan,0.329526,0.288263,0.008131,0.003114
blood_LYMPHOCYTE_COUNT,cov_ParticulateMatterAirPollution_irnt,0.346803,0.355332,0.330543,0.333775,0.309053,0.009676,0.009615,0.009623,0.009588,0.009631,0.309339,0.298725,0.004397,0.00439
blood_LYMPHOCYTE_COUNT,cov_SMOKING_STATUS,nan,nan,nan,nan,nan,nan,nan,nan,nan,nan,0.315862,0.299719,0.004055,0.004714
blood_MEAN_CORPUSCULAR_HEMOGLOBIN,cov_PHYS2_DAYS_VERY_ACTIVE,0.435352,0.435518,0.493901,nan,nan,0.009831,0.009788,0.009686,nan,nan,0.392919,nan,0.004465,nan
blood_MEAN_CORPUSCULAR_HEMOGLOBIN,cov_ALCOHOL_DESC_ORDER,0.461833,0.472563,0.479665,0.455742,nan,0.00934,0.009308,0.009276,0.009357,nan,0.409197,0.411632,0.004279,0.004277
blood_MEAN_CORPUSCULAR_HEMOGLOBIN,cov_TOWNSEND_DEPRIVATION,nan,nan,nan,nan,nan,nan,nan,nan,nan,nan,0.419832,0.384315,0.00426,0.004301
blood_MEAN_CORPUSCULAR_HEMOGLOBIN,other_TIME_TV,0.465453,0.464698,0.464948,0.457725,nan,0.009408,0.009376,0.009423,0.009418,nan,0.411303,nan,0.004293,nan
blood_MEAN_CORPUSCULAR_HEMOGLOBIN,other_NAP_TIME,0.464043,0.443917,0.455902,0.463973,nan,0.009348,0.009332,0.00932,0.009356,nan,0.401612,0.400931,0.004274,0.004281
blood_MEAN_CORPUSCULAR_HEMOGLOBIN,other_NO_WHEAT,0.471814,0.448683,0.457327,0.457524,nan,0.009333,0.009351,0.00937,0.00939,nan,nan,nan,nan,nan
blood_MEAN_CORPUSCULAR_HEMOGLOBIN,cov_DIET,0.471296,0.456162,0.459649,0.480511,0.458589,0.01081,0.010871,0.01087,0.010876,0.01088,0.410386,0.412665,0.004883,0.004901
blood_MEAN_CORPUSCULAR_HEMOGLOBIN,cov_Sleeplessness,nan,nan,nan,nan,nan,nan,nan,nan,nan,nan,0.456675,0.376261,0.008007,0.003095
blood_MEAN_CORPUSCULAR_HEMOGLOBIN,cov_ParticulateMatterAirPollution_irnt,0.454911,0.462234,0.468895,0.466294,0.432515,0.009489,0.009477,0.009471,0.009454,0.009533,0.408862,0.396448,0.004334,0.004338
blood_MEAN_CORPUSCULAR_HEMOGLOBIN,cov_SMOKING_STATUS,nan,nan,nan,nan,nan,nan,nan,nan,nan,nan,0.40969,0.399794,0.003987,0.004639
blood_MEAN_PLATELET_VOL,cov_PHYS2_DAYS_VERY_ACTIVE,0.607677,0.586132,0.612422,0.621027,nan,0.009382,0.009511,0.009373,0.00932,nan,0.544782,nan,0.004213,nan
blood_MEAN_PLATELET_VOL,cov_ALCOHOL_DESC_ORDER,0.611315,0.61536,0.617225,nan,nan,0.008976,0.008956,0.008889,nan,nan,0.550256,nan,0.004028,nan
blood_MEAN_PLATELET_VOL,cov_TOWNSEND_DEPRIVATION,0.611787,0.626584,0.62552,nan,nan,0.008909,0.008934,0.008934,nan,nan,0.552089,nan,0.004014,nan
blood_MEAN_PLATELET_VOL,other_TIME_TV,0.605019,0.628666,0.604636,nan,nan,0.009022,0.008963,0.009057,nan,nan,0.554688,nan,0.004041,nan
blood_MEAN_PLATELET_VOL,other_NAP_TIME,0.609267,0.619198,0.593562,nan,nan,0.008951,0.008958,0.009031,nan,nan,0.552443,nan,0.004018,nan
blood_MEAN_PLATELET_VOL,other_NO_WHEAT,0.613361,0.605411,0.594607,nan,nan,0.00899,0.008928,0.009052,nan,nan,nan,nan,nan,nan
blood_MEAN_PLATELET_VOL,cov_DIET,0.617099,0.628198,0.616991,0.608386,0.612993,0.010461,0.010412,0.010432,0.010515,0.010512,0.563192,0.561595,0.004609,0.00462
blood_MEAN_PLATELET_VOL,cov_Sleeplessness,nan,nan,nan,nan,nan,nan,nan,nan,nan,nan,0.59967,nan,0.007603,nan
blood_MEAN_PLATELET_VOL,cov_ParticulateMatterAirPollution_irnt,0.612512,0.603433,0.601168,0.624654,0.615905,0.009106,0.009128,0.009163,0.009054,0.009156,0.545695,nan,0.004093,nan
blood_MEAN_PLATELET_VOL,cov_SMOKING_STATUS,nan,nan,nan,nan,nan,nan,nan,nan,nan,nan,0.552654,nan,0.003726,nan
blood_MONOCYTE_COUNT,cov_PHYS2_DAYS_VERY_ACTIVE,0.355188,0.340294,0.376351,0.372197,0.376053,0.010127,0.010044,0.010099,0.010024,0.010074,0.334548,0.346505,0.004605,0.004562
blood_MONOCYTE_COUNT,cov_ALCOHOL_DESC_ORDER,0.362431,0.368684,0.357847,0.360757,nan,0.009637,0.009651,0.009635,0.009659,nan,0.342057,0.335284,0.004404,0.004424
blood_MONOCYTE_COUNT,cov_TOWNSEND_DEPRIVATION,0.364324,0.354982,0.367292,0.36288,nan,0.009652,0.009608,0.009652,0.009637,nan,0.344522,0.331457,0.004418,0.004421
blood_MONOCYTE_COUNT,other_TIME_TV,0.367317,0.377062,0.354036,0.369958,nan,0.009679,0.009683,0.009682,0.009723,nan,0.346557,0.332804,0.004434,0.004434
blood_MONOCYTE_COUNT,other_NAP_TIME,0.369408,0.379276,0.344768,0.356105,nan,0.009626,0.009656,0.009666,0.009644,nan,0.342248,0.333319,0.004416,0.004409
blood_MONOCYTE_COUNT,other_NO_WHEAT,0.355358,0.370053,0.372327,0.355932,0.35462,0.009644,0.009617,0.009689,0.009708,0.009676,nan,nan,nan,nan
blood_MONOCYTE_COUNT,cov_DIET,0.3696,0.388358,0.372907,0.350589,0.350788,0.011207,0.0112,0.011214,0.011225,0.011189,0.342073,0.333787,0.005044,0.005054
blood_MONOCYTE_COUNT,cov_Sleeplessness,nan,nan,nan,nan,nan,nan,nan,nan,nan,nan,0.346852,0.324336,0.008268,0.003173
blood_MONOCYTE_COUNT,cov_ParticulateMatterAirPollution_irnt,0.357559,0.359723,0.364471,0.363183,0.353488,0.009758,0.009761,0.009818,0.009827,0.009787,0.340253,0.335612,0.004463,0.00448
blood_MONOCYTE_COUNT,cov_SMOKING_STATUS,nan,nan,nan,nan,nan,nan,nan,nan,nan,nan,0.345415,0.335341,0.004112,0.004801
blood_PLATELET_COUNT,cov_PHYS2_DAYS_VERY_ACTIVE,0.471285,0.478188,0.49606,0.507491,nan,0.009869,0.009829,0.009755,0.009703,nan,0.430354,0.457726,0.004465,0.004416
blood_PLATELET_COUNT,cov_ALCOHOL_DESC_ORDER,0.483154,0.505045,0.492257,0.485032,nan,0.009368,0.00934,0.009324,0.009374,nan,0.446178,0.431334,0.004258,0.004288
blood_PLATELET_COUNT,cov_TOWNSEND_DEPRIVATION,0.490604,0.509998,0.497612,nan,nan,0.009345,0.009352,0.009387,nan,nan,0.451803,0.423507,0.004249,0.004303
blood_PLATELET_COUNT,other_TIME_TV,0.500398,0.489202,0.490352,nan,nan,0.009361,0.009429,0.009413,nan,nan,0.452989,0.427168,0.004279,0.004316
blood_PLATELET_COUNT,other_NAP_TIME,0.49195,0.503131,0.506075,0.469747,nan,0.009359,0.009301,0.00934,0.009473,nan,nan,nan,nan,nan
blood_PLATELET_COUNT,other_NO_WHEAT,0.489248,0.475526,0.489799,0.493866,nan,0.009398,0.009331,0.00939,0.009385,nan,nan,nan,nan,nan
blood_PLATELET_COUNT,cov_DIET,0.473983,0.495696,0.49403,0.502905,0.505193,0.010952,0.010821,0.010908,0.010942,0.010873,0.444013,0.455751,0.004892,0.004886
blood_PLATELET_COUNT,cov_Sleeplessness,nan,nan,nan,nan,nan,nan,nan,nan,nan,nan,0.476351,0.415676,0.007993,0.003087
blood_PLATELET_COUNT,cov_ParticulateMatterAirPollution_irnt,0.49976,0.473648,0.489241,0.480962,0.494241,0.009556,0.009501,0.009538,0.009517,0.009521,0.442671,0.433518,0.004332,0.004336
blood_PLATELET_COUNT,cov_SMOKING_STATUS,nan,nan,nan,nan,nan,nan,nan,nan,nan,nan,0.448667,nan,0.003969,nan
blood_RBC_DISTRIB_WIDTH,cov_PHYS2_DAYS_VERY_ACTIVE,nan,nan,nan,nan,nan,nan,nan,nan,nan,nan,0.318429,0.328206,0.004506,0.004497
blood_RBC_DISTRIB_WIDTH,cov_ALCOHOL_DESC_ORDER,0.376824,0.354088,0.357594,0.350182,nan,0.009513,0.00953,0.009481,0.009516,nan,0.330531,0.311541,0.004339,0.004333
blood_RBC_DISTRIB_WIDTH,cov_TOWNSEND_DEPRIVATION,0.369516,0.375204,0.355446,0.362066,nan,0.009506,0.00952,0.009497,0.009534,nan,0.333055,0.309052,0.004344,0.004335
blood_RBC_DISTRIB_WIDTH,other_TIME_TV,0.355655,0.355535,0.363143,0.363854,nan,0.009605,0.009573,0.009597,0.009589,nan,0.324891,0.314569,0.004362,0.004359
blood_RBC_DISTRIB_WIDTH,other_NAP_TIME,0.365409,0.353617,0.351837,0.349886,nan,0.009492,0.009509,0.009506,0.009518,nan,0.323965,0.3137,0.004336,0.004327
blood_RBC_DISTRIB_WIDTH,other_NO_WHEAT,0.365582,0.373128,0.349242,0.36313,nan,0.009525,0.009461,0.009528,0.009532,nan,0.290985,0.53887,0.002591,0.063971
blood_RBC_DISTRIB_WIDTH,cov_DIET,0.376197,0.369561,0.355225,0.370192,0.336303,0.011072,0.010953,0.011045,0.011036,0.011034,0.332696,0.322619,0.004966,0.004975
blood_RBC_DISTRIB_WIDTH,cov_Sleeplessness,nan,nan,nan,nan,nan,nan,nan,nan,nan,nan,0.347642,0.302911,0.008174,0.003113
blood_RBC_DISTRIB_WIDTH,cov_ParticulateMatterAirPollution_irnt,0.357704,0.354754,0.344286,0.34936,0.35811,0.00968,0.0096,0.009578,0.00965,0.009682,0.321676,0.316573,0.004394,0.004393
blood_RBC_DISTRIB_WIDTH,cov_SMOKING_STATUS,nan,nan,nan,nan,nan,nan,nan,nan,nan,nan,0.322201,0.31599,0.004034,0.004699
blood_RED_COUNT,cov_PHYS2_DAYS_VERY_ACTIVE,0.368347,0.370977,0.388939,nan,nan,0.009942,0.009899,0.009886,nan,nan,0.350009,0.364605,0.00452,0.004507
blood_RED_COUNT,cov_ALCOHOL_DESC_ORDER,0.38976,0.398575,0.39843,0.383036,nan,0.009504,0.0095,0.009479,0.009541,nan,0.358163,0.347908,0.00434,0.004339
blood_RED_COUNT,cov_TOWNSEND_DEPRIVATION,0.407321,0.375499,0.395932,0.406454,nan,0.009462,0.009528,0.009522,0.009491,nan,0.361244,0.344231,0.004347,0.004348
blood_RED_COUNT,other_TIME_TV,0.412306,0.392424,0.387654,0.378169,nan,0.009604,0.009578,0.009572,0.00959,nan,0.367298,0.338065,0.004373,0.004365
blood_RED_COUNT,other_NAP_TIME,0.397785,0.397647,0.404143,0.369811,0.366583,0.009528,0.009484,0.009481,0.009526,0.009514,0.366113,0.337566,0.004352,0.004338
blood_RED_COUNT,other_NO_WHEAT,0.401422,0.380729,0.398385,0.381297,nan,0.009519,0.009535,0.00952,0.009537,nan,nan,nan,nan,nan
blood_RED_COUNT,cov_DIET,0.378,0.391001,0.384375,0.426679,0.386773,0.011016,0.011072,0.011063,0.011045,0.011064,0.356321,0.359923,0.004977,0.004962
blood_RED_COUNT,cov_Sleeplessness,nan,nan,nan,nan,nan,nan,nan,nan,nan,nan,0.399608,0.333871,0.008112,0.003132
blood_RED_COUNT,cov_ParticulateMatterAirPollution_irnt,0.381007,0.388384,0.400849,0.389086,0.386058,0.009627,0.009668,0.009628,0.009688,0.009625,0.354122,0.350008,0.0044,0.004402
blood_RED_COUNT,cov_SMOKING_STATUS,nan,nan,nan,nan,nan,nan,nan,nan,nan,nan,0.359767,0.347312,0.004049,0.004719
blood_WHITE_COUNT,cov_PHYS2_DAYS_VERY_ACTIVE,0.312478,0.32512,0.327615,0.346777,0.315516,0.009899,0.009906,0.009846,0.00988,0.009905,0.296795,0.296322,0.004526,0.004501
blood_WHITE_COUNT,cov_ALCOHOL_DESC_ORDER,0.306771,0.338473,0.335693,0.313529,nan,0.009482,0.009528,0.009515,0.009463,nan,0.28857,0.299599,0.004345,0.004345
blood_WHITE_COUNT,cov_TOWNSEND_DEPRIVATION,0.327536,0.3207,0.336357,0.324254,0.327343,0.009468,0.009529,0.009523,0.009532,0.009504,0.293053,0.294027,0.004347,0.004339
blood_WHITE_COUNT,other_TIME_TV,0.327672,0.33203,0.308088,0.314648,0.310141,0.009567,0.009538,0.009543,0.009491,0.009584,0.293926,0.288602,0.004366,0.004362
blood_WHITE_COUNT,other_NAP_TIME,0.307868,0.324182,0.3389,0.319625,0.327692,0.009505,0.009469,0.00952,0.00948,0.009504,0.293818,0.29376,0.004347,0.004341
blood_WHITE_COUNT,other_NO_WHEAT,0.313671,0.321309,0.329804,0.336499,0.333865,0.009505,0.009508,0.009525,0.009496,0.009514,0.275855,0.58988,0.002601,0.062882
blood_WHITE_COUNT,cov_DIET,0.321629,0.326131,0.335426,0.330364,0.320705,0.010996,0.011,0.010958,0.010997,0.010989,0.30164,0.295095,0.004973,0.004965
blood_WHITE_COUNT,cov_Sleeplessness,nan,nan,nan,nan,nan,nan,nan,nan,nan,nan,0.322294,0.28328,0.008123,0.003124
blood_WHITE_COUNT,cov_ParticulateMatterAirPollution_irnt,0.324731,0.320126,0.309371,0.328343,0.310991,0.00966,0.009597,0.009585,0.009639,0.009597,0.295556,0.291761,0.004402,0.00439
blood_WHITE_COUNT,cov_SMOKING_STATUS,nan,nan,nan,nan,nan,nan,nan,nan,nan,nan,0.303901,0.298584,0.004059,0.004719
bmd_HEEL_TSCOREz,cov_PHYS2_DAYS_VERY_ACTIVE,0.462129,0.449207,0.479379,0.463538,0.471038,0.009915,0.009961,0.009855,0.009929,0.009912,0.435856,0.440523,0.004482,0.004465
bmd_HEEL_TSCOREz,cov_ALCOHOL_DESC_ORDER,0.453653,0.475879,0.471436,0.471668,nan,0.009508,0.009481,0.009447,0.009492,nan,0.437597,0.428042,0.004308,0.004312
bmd_HEEL_TSCOREz,cov_TOWNSEND_DEPRIVATION,0.497597,0.477701,0.468522,0.467537,nan,0.009389,0.009464,0.009467,0.009505,nan,0.444915,0.422251,0.004276,0.004351
bmd_HEEL_TSCOREz,other_TIME_TV,0.480968,0.474854,0.472815,0.447098,nan,0.009548,0.009537,0.009498,0.009566,nan,0.444021,0.422257,0.004317,0.004352
bmd_HEEL_TSCOREz,other_NAP_TIME,0.478827,0.467907,0.46165,0.446487,nan,0.009409,0.009439,0.009543,0.009516,nan,0.449886,0.420285,0.004294,0.004335
bmd_HEEL_TSCOREz,other_NO_WHEAT,0.465902,0.469153,0.456321,0.464029,nan,0.009502,0.00949,0.009507,0.009547,nan,nan,nan,nan,nan
bmd_HEEL_TSCOREz,cov_DIET,0.45826,0.48579,0.481342,0.458716,0.480419,0.011028,0.011012,0.011015,0.011057,0.010984,0.445811,0.440507,0.004938,0.004939
bmd_HEEL_TSCOREz,cov_Sleeplessness,nan,nan,nan,nan,nan,nan,nan,nan,nan,nan,0.463716,nan,0.008069,nan
bmd_HEEL_TSCOREz,cov_ParticulateMatterAirPollution_irnt,0.460103,0.469713,0.466955,0.440474,0.465234,0.009539,0.009591,0.009661,0.009702,0.009678,0.441174,0.428563,0.004357,0.004384
bmd_HEEL_TSCOREz,cov_SMOKING_STATUS,nan,nan,nan,nan,nan,nan,nan,nan,nan,nan,0.442296,0.428671,0.004,0.004706
body_BMIz,cov_PHYS2_DAYS_VERY_ACTIVE,0.380848,0.378208,0.369988,0.35246,0.334074,0.009778,0.009721,0.00981,0.00976,0.00976,0.351636,0.321344,0.004435,0.004451
body_BMIz,cov_ALCOHOL_DESC_ORDER,0.291615,0.340141,0.364335,0.385131,nan,0.009401,0.009411,0.009341,0.009314,nan,0.304562,0.359522,0.004284,0.00427
body_BMIz,cov_TOWNSEND_DEPRIVATION,0.35409,0.342148,0.341457,0.361151,nan,0.009375,0.009369,0.009363,0.009343,nan,0.320628,0.341597,0.004273,0.004259
body_BMIz,other_TIME_TV,0.338294,0.350597,0.348809,nan,nan,0.009377,0.009379,0.009442,nan,nan,0.328432,0.319708,0.004287,0.0043
body_BMIz,other_NAP_TIME,nan,nan,nan,nan,nan,nan,nan,nan,nan,nan,0.327681,0.342204,0.004277,0.004272
body_BMIz,other_NO_WHEAT,0.357093,0.356008,0.362083,0.355102,nan,0.009352,0.009363,0.009407,0.009376,nan,0.312397,0.43062,0.002564,0.061605
body_BMIz,cov_DIET,0.386136,0.381142,0.361147,0.364297,0.357319,0.010845,0.010805,0.010935,0.010846,0.010903,0.352687,0.329304,0.00489,0.004893
body_BMIz,cov_Sleeplessness,nan,nan,nan,nan,nan,nan,nan,nan,nan,nan,0.353718,0.317681,0.007984,0.003069
body_BMIz,cov_ParticulateMatterAirPollution_irnt,0.345934,0.3571,0.340601,0.354756,0.378177,0.009447,0.009505,0.00951,0.00957,0.009458,0.330698,0.3344,0.004321,0.004327
body_BMIz,cov_SMOKING_STATUS,nan,nan,nan,nan,nan,nan,nan,nan,nan,nan,0.345184,0.324002,0.00398,0.004652
body_HEIGHTz,cov_PHYS2_DAYS_VERY_ACTIVE,0.71312,0.693842,0.722847,nan,nan,0.008579,0.008651,0.008522,nan,nan,0.628729,nan,0.003807,nan
body_HEIGHTz,cov_ALCOHOL_DESC_ORDER,0.71516,0.701394,nan,nan,nan,0.008155,0.008252,nan,nan,nan,0.635591,nan,0.003644,nan
body_HEIGHTz,cov_TOWNSEND_DEPRIVATION,0.705512,0.697324,0.703487,nan,nan,0.008247,0.008274,0.008269,nan,nan,0.62924,nan,0.003664,nan
body_HEIGHTz,other_TIME_TV,0.705847,0.700292,0.704709,nan,nan,0.008262,0.008295,0.008291,nan,nan,0.634756,nan,0.003664,nan
body_HEIGHTz,other_NAP_TIME,0.698726,0.706432,nan,nan,nan,0.008241,0.008247,nan,nan,nan,0.632597,nan,0.003653,nan
body_HEIGHTz,other_NO_WHEAT,0.713318,0.693702,0.700343,nan,nan,0.008204,0.008265,0.008248,nan,nan,nan,nan,nan,nan
body_HEIGHTz,cov_DIET,0.713128,0.711446,0.705283,0.709949,0.712184,0.009613,0.009676,0.009688,0.009708,0.009681,0.642574,nan,0.004205,nan
body_HEIGHTz,cov_Sleeplessness,nan,nan,nan,nan,nan,nan,nan,nan,nan,nan,0.695784,nan,0.006938,nan
body_HEIGHTz,cov_ParticulateMatterAirPollution_irnt,0.709269,0.695738,0.700954,0.703309,0.709834,0.008287,0.008383,0.008358,0.008391,0.008378,0.634427,nan,0.003697,nan
body_HEIGHTz,cov_SMOKING_STATUS,nan,nan,nan,nan,nan,nan,nan,nan,nan,nan,0.619207,nan,0.003424,nan
body_WHRadjBMIz,cov_PHYS2_DAYS_VERY_ACTIVE,0.236652,0.249965,0.242241,0.236578,0.219499,0.009641,0.009733,0.00968,0.009648,0.009619,0.230335,0.219138,0.004372,0.00435
body_WHRadjBMIz,cov_ALCOHOL_DESC_ORDER,0.229412,0.223345,0.254025,0.257515,0.243976,0.009256,0.009235,0.009343,0.009285,0.00921,0.216043,0.235187,0.004193,0.004201
body_WHRadjBMIz,cov_TOWNSEND_DEPRIVATION,0.236691,0.240881,0.244504,0.230805,0.230764,0.009291,0.009228,0.009293,0.009298,0.009262,0.227098,0.221898,0.004215,0.004197
body_WHRadjBMIz,other_TIME_TV,0.245084,0.22511,0.243633,0.233812,0.222238,0.009307,0.009268,0.009318,0.009294,0.009274,0.224098,0.222816,0.004206,0.004216
body_WHRadjBMIz,other_NAP_TIME,0.242847,0.238276,0.252898,0.227567,0.228072,0.009284,0.009307,0.009283,0.00921,0.009273,0.23313,0.220278,0.004229,0.004182
body_WHRadjBMIz,other_NO_WHEAT,0.225191,0.229289,0.232719,0.225298,0.221556,0.009254,0.009231,0.00932,0.009229,0.009191,0.213686,0.233705,0.002488,0.060649
body_WHRadjBMIz,cov_DIET,0.220339,0.236302,0.226886,0.258126,0.26418,0.010725,0.010726,0.010715,0.010818,0.01087,0.218617,0.240898,0.004795,0.004846
body_WHRadjBMIz,cov_Sleeplessness,nan,nan,nan,nan,nan,nan,nan,nan,nan,nan,0.220469,0.222555,0.007898,0.003007
body_WHRadjBMIz,cov_ParticulateMatterAirPollution_irnt,0.252852,0.237271,0.230448,0.222359,0.250399,0.009458,0.009424,0.009343,0.009296,0.009485,0.226436,0.223963,0.004271,0.00425
body_WHRadjBMIz,cov_SMOKING_STATUS,nan,nan,nan,nan,nan,nan,nan,nan,nan,nan,0.233887,0.216959,0.003923,0.004548
bp_DIASTOLICadjMEDz,cov_PHYS2_DAYS_VERY_ACTIVE,0.280337,0.306294,0.310595,0.298721,0.298466,0.010478,0.010483,0.010452,0.010411,0.01042,0.27973,0.288062,0.004742,0.004717
bp_DIASTOLICadjMEDz,cov_ALCOHOL_DESC_ORDER,0.280828,0.314248,0.315989,0.308646,0.292711,0.009937,0.010024,0.010047,0.01005,0.010119,0.291407,0.285254,0.004547,0.004576
bp_DIASTOLICadjMEDz,cov_TOWNSEND_DEPRIVATION,0.308341,0.320983,0.312872,0.305308,0.276768,0.010005,0.010055,0.010047,0.010015,0.010082,0.292351,0.278571,0.004555,0.004563
bp_DIASTOLICadjMEDz,other_TIME_TV,0.316736,0.314963,0.312864,0.289298,nan,0.010084,0.010104,0.010044,0.01006,nan,0.296876,0.268505,0.004571,0.004573
bp_DIASTOLICadjMEDz,other_NAP_TIME,0.31488,0.309865,0.311861,0.273283,0.290825,0.009969,0.010009,0.010015,0.010066,0.010042,0.296361,0.271996,0.004547,0.004561
bp_DIASTOLICadjMEDz,other_NO_WHEAT,0.301902,0.281604,0.293445,0.314441,0.310334,0.010043,0.010004,0.010047,0.010091,0.010097,0.269852,0.284933,0.002704,0.065499
bp_DIASTOLICadjMEDz,cov_DIET,0.297037,0.2755,0.284975,0.308601,0.333888,0.011631,0.011589,0.011662,0.011648,0.011763,0.280603,0.295306,0.005225,0.005242
bp_DIASTOLICadjMEDz,cov_Sleeplessness,nan,nan,nan,nan,nan,nan,nan,nan,nan,nan,0.298239,0.276499,0.008533,0.003261
bp_DIASTOLICadjMEDz,cov_ParticulateMatterAirPollution_irnt,0.289232,0.304188,0.302493,0.32874,0.307666,0.010354,0.010189,0.010182,0.010173,0.010029,0.277764,0.293263,0.004645,0.004587
bp_DIASTOLICadjMEDz,cov_SMOKING_STATUS,nan,nan,nan,nan,nan,nan,nan,nan,nan,nan,0.293334,0.269919,0.004233,0.00494
bp_SYSTOLICadjMEDz,cov_PHYS2_DAYS_VERY_ACTIVE,0.285612,0.295297,0.32014,0.295433,0.313393,0.010564,0.010502,0.010472,0.010419,0.010451,0.284142,0.294509,0.004753,0.004723
bp_SYSTOLICadjMEDz,cov_ALCOHOL_DESC_ORDER,0.312593,0.317519,0.313696,0.299765,0.294619,0.010048,0.010038,0.010029,0.010005,0.010164,0.298063,0.290232,0.004565,0.004591
bp_SYSTOLICadjMEDz,cov_TOWNSEND_DEPRIVATION,0.304907,0.316362,0.312565,0.305243,0.261559,0.010011,0.010028,0.010094,0.01005,0.010083,0.294427,0.281127,0.00456,0.004569
bp_SYSTOLICadjMEDz,other_TIME_TV,0.317595,0.314422,0.306504,0.297276,0.274645,0.010149,0.010105,0.010059,0.010077,0.010212,0.299538,0.277384,0.00458,0.004593
bp_SYSTOLICadjMEDz,other_NAP_TIME,0.32663,0.324671,0.309845,0.271584,0.28854,0.009985,0.010074,0.010028,0.010089,0.010075,0.301926,0.275881,0.004553,0.004579
bp_SYSTOLICadjMEDz,other_NO_WHEAT,0.302379,0.301007,0.299508,0.310324,0.305182,0.010055,0.010071,0.010103,0.010047,0.010138,0.274205,0.282206,0.002712,0.066631
bp_SYSTOLICadjMEDz,cov_DIET,0.294253,0.288642,0.292899,0.303311,0.329447,0.01168,0.011688,0.011693,0.011652,0.011737,0.287085,0.297072,0.005246,0.005241
bp_SYSTOLICadjMEDz,cov_Sleeplessness,nan,nan,nan,nan,nan,nan,nan,nan,nan,nan,0.292687,0.281041,0.008569,0.003268
bp_SYSTOLICadjMEDz,cov_ParticulateMatterAirPollution_irnt,0.308763,0.316955,0.304725,0.311607,0.291778,0.010377,0.010244,0.010167,0.010156,0.010059,0.289493,0.290075,0.004662,0.00459
bp_SYSTOLICadjMEDz,cov_SMOKING_STATUS,nan,nan,nan,nan,nan,nan,nan,nan,nan,nan,0.299682,0.275176,0.004242,0.004964
disease_AID_ALL,cov_PHYS2_DAYS_VERY_ACTIVE,0.22462422635443643,0.21570819862914695,0.18670358769946274,0.21676760505765894,0.19274597357049705,0.00044150272057848883,0.00045506660098226906,0.0005058372863385171,0.0005500478076861503,0.0006216327673017949,0.1936874620678797,0.18856786626267252,8.814553575785948e-05,0.00011027231729865576
disease_AID_ALL,cov_ALCOHOL_DESC_ORDER,0.21000487663725448,0.18891664950066261,0.2076092427556058,0.2701491120271589,0.21202210559716198,0.0005703999331363092,0.0005405156302826583,0.0005010235080133162,0.00046570249712490946,0.00033624685589386154,0.1711521889785424,0.19199134095785617,0.0001032045090300159,7.653383824453507e-05
disease_AID_ALL,cov_TOWNSEND_DEPRIVATION,0.21515545326837082,0.2115945385563161,0.21408368197964428,0.2359529774598908,0.19995298577273266,0.0004975049053818149,0.00047761142909870147,0.0004719374413803183,0.00045982128543459443,0.00042478539098905006,0.20075983923034418,0.17610877803134153,9.440330925413986e-05,8.353167980633703e-05
disease_AID_ALL,other_TIME_TV,0.18899917514389483,0.19986972128408992,0.22477924224882354,0.20309607162436927,0.2142209968309534,0.0005411912224810689,0.000493825159209236,0.0004734731066211921,0.00044093826078350643,0.0003960151510088248,0.19245309120002876,0.1903231680219829,9.90473779804449e-05,8.222825186829839e-05
disease_AID_ALL,other_NAP_TIME,0.22562836763948266,0.2234307532280092,0.20956460440232605,0.21600230197746817,0.20432257500740325,0.0004927419624232166,0.0005100001944793852,0.0004682644089564035,0.0004320504666745335,0.0004183020981285781,0.1789152848132551,0.18211253930193402,9.227783404744753e-05,8.214128621005557e-05
disease_AID_ALL,other_NO_WHEAT,nan,nan,nan,nan,nan,nan,nan,nan,nan,nan,0.1765973052170561,1.0370199789813606,2.9450034729832204e-05,0.007879367261621334
disease_AID_ALL,cov_DIET,0.18271843999527604,0.21977426484194162,0.2294304990674807,0.2143401018337145,0.2394969373556534,0.0006842169141584477,0.000626290762393887,0.0006392995038824415,0.0005911006761541328,0.0005727498424353286,0.1813283559226401,0.1886924729429274,0.00012541238736307796,0.00010929866311104479
disease_AID_ALL,cov_Sleeplessness,nan,nan,nan,nan,nan,nan,nan,nan,nan,nan,0.20593507001860276,0.1750905939272382,0.00044123595420895756,3.931912904637289e-05
disease_AID_ALL,cov_ParticulateMatterAirPollution_irnt,0.22706675004646718,0.19268057264059643,0.21381646841815802,0.19851497420878494,0.24988691001210356,0.000482835540416099,0.0004501513315434326,0.00047184137926670856,0.0004590000012495179,0.0005185116940473279,0.17898743521646968,0.1823497717581364,8.886831812209998e-05,9.052126899140232e-05
disease_AID_ALL,cov_SMOKING_STATUS,nan,nan,nan,nan,nan,nan,nan,nan,nan,nan,0.181792862491186,0.19518035162836359,7.903587964405282e-05,0.00010092983933342875
disease_ALLERGY_ECZEMA_DIAGNOSED,cov_PHYS2_DAYS_VERY_ACTIVE,0.24529656796211433,0.24214797982410796,0.27025811322351107,0.27077028151380667,0.28040025669945495,0.00031147630568897894,0.00030866402486481376,0.00029125236217452034,0.0003001049862574397,0.00033514990039087457,0.23504538147816437,0.24774969725317997,5.9716732515690854e-05,6.046958666285099e-05
disease_ALLERGY_ECZEMA_DIAGNOSED,cov_ALCOHOL_DESC_ORDER,0.2518573913812888,0.27665442103513166,0.2656170435794113,0.26599988722136453,0.23519455246048032,0.0002809269972221494,0.00028242722548880555,0.0002853008867637141,0.0002888861455536447,0.0002897910665056971,0.25063771323476874,0.23505402483142698,5.5648882512390734e-05,5.685474401076093e-05
disease_ALLERGY_ECZEMA_DIAGNOSED,cov_TOWNSEND_DEPRIVATION,0.26298782324229847,nan,nan,nan,nan,0.00027021255981981055,nan,nan,nan,nan,0.2482256505638395,0.2333558108876312,5.537566323411159e-05,5.692973548999489e-05
disease_ALLERGY_ECZEMA_DIAGNOSED,other_TIME_TV,0.3017970824641016,0.2453950823761799,0.272864311261736,0.27081345376527977,0.23793921561879197,0.00026851330226222177,0.00026448378362626873,0.00028789381312707474,0.0003095934925883774,0.0003272213654579196,0.2506830540124131,0.22833329175333317,5.3054985501340294e-05,6.048313369437942e-05
disease_ALLERGY_ECZEMA_DIAGNOSED,other_NAP_TIME,0.2583633055906591,0.25872989253194445,0.2736040149794878,0.25150627577783274,0.23503390091995383,0.00028009524009940234,0.00027373715640645785,0.00028795075064276483,0.00029265767219792063,0.00028969261641214586,0.24268147996222073,0.25236972432521065,5.498204860871735e-05,5.840098408985369e-05
disease_ALLERGY_ECZEMA_DIAGNOSED,other_NO_WHEAT,nan,nan,nan,nan,nan,nan,nan,nan,nan,nan,0.2295329064899451,0.26365806835671557,1.8735544734558462e-05,0.011665727207759491
disease_ALLERGY_ECZEMA_DIAGNOSED,cov_DIET,0.260335233533929,0.2605359798820028,0.23092604437579364,0.266633400320532,0.24246831924321724,0.000397700015614856,0.00038046215708067185,0.000374972770351307,0.0003968974974938212,0.00037808498422522166,0.2554165220033461,0.23385573524016554,7.600790205873619e-05,7.397242883414588e-05
disease_ALLERGY_ECZEMA_DIAGNOSED,cov_Sleeplessness,nan,nan,nan,nan,nan,nan,nan,nan,nan,nan,0.260071148593978,0.2312783456266094,0.0002151200290684315,2.745326441580987e-05
disease_ALLERGY_ECZEMA_DIAGNOSED,cov_ParticulateMatterAirPollution_irnt,0.2664520266198596,0.2590471284816786,0.2617119656153343,0.24743614662625862,0.24201188020911343,0.0003069022134059964,0.00029633957401350655,0.0002908721618398915,0.00028805777030381345,0.0002758396217409571,0.24534984643945115,0.237549307376017,5.905796273978299e-05,5.6226179419238235e-05
disease_ALLERGY_ECZEMA_DIAGNOSED,cov_SMOKING_STATUS,nan,nan,nan,nan,nan,nan,nan,nan,nan,nan,0.2531160657925453,0.22678211578108298,4.6224235552686965e-05,7.114064707076343e-05
disease_ASTHMA_DIAGNOSED,cov_PHYS2_DAYS_VERY_ACTIVE,0.25792775305408805,0.2736576737849122,0.3101372258541171,0.3245418446486328,0.311628143815906,0.0005298744690700615,0.0005459102446255253,0.0006259886330732899,0.0006022367326478625,0.0006308509855170664,0.2706273055147121,0.2792045358904562,0.00010897244793116667,0.00011909215849111032
disease_ASTHMA_DIAGNOSED,cov_ALCOHOL_DESC_ORDER,0.285948503390077,0.3212873855580949,0.30625200704147126,0.28991803290830964,0.27249463385282097,0.000561103791513721,0.0005638361383308429,0.0005702125770571781,0.0005396633294395606,0.0004552394594054275,0.2853925215405347,0.24607866159565883,0.00011090341087698439,9.700943394324167e-05
disease_ASTHMA_DIAGNOSED,cov_TOWNSEND_DEPRIVATION,0.302673268971365,0.2889547997147072,0.3279515144446841,0.2810653258586465,0.27551934949861917,0.0005584217972711878,0.0005672988043690029,0.0005709410618742125,0.0005217566061916779,0.0004642253424742974,0.2809670774161384,0.2620347370876569,0.00011093150049596615,9.805434626891624e-05
disease_ASTHMA_DIAGNOSED,other_TIME_TV,0.3270336175995899,0.29598278980843223,0.30028708290720874,0.2939733878350932,0.3117489269691876,0.0005428224843670196,0.0005469976883681776,0.0005630610072487628,0.0005543628275935345,0.0005177967849584785,0.2885841279422921,0.2522508440383352,0.00010824677058437283,0.00010322315299159075
disease_ASTHMA_DIAGNOSED,other_NAP_TIME,0.3013519803885844,0.2842260839147545,0.3136608338624838,0.2588311058340276,0.2720237718843103,0.0005542705201772296,0.0005588736628279167,0.0005525786943966004,0.00048814022919253417,0.0004942604921518282,0.28101160427712785,0.24897081340944197,0.00010984986280432465,9.711607142727818e-05
disease_ASTHMA_DIAGNOSED,other_NO_WHEAT,nan,nan,nan,nan,nan,nan,nan,nan,nan,nan,0.25054429657760985,0.24129758173401242,3.382032962069049e-05,0.01706645300822826
disease_ASTHMA_DIAGNOSED,cov_DIET,0.3456132113357859,0.2829065275871398,0.3034577894455783,0.2844010223309697,0.22773242498633114,0.0007369974307516377,0.0007150703842782003,0.0007354286184438026,0.0007245222875592034,0.0006711354846951076,0.2771145420272991,0.24498744729475744,0.0001386569410428753,0.00013491858598455316
disease_ASTHMA_DIAGNOSED,cov_Sleeplessness,nan,nan,nan,nan,nan,nan,nan,nan,nan,nan,0.29995651627496,0.2480164601672464,0.0004403178657419795,4.8347182804255765e-05
disease_ASTHMA_DIAGNOSED,cov_ParticulateMatterAirPollution_irnt,0.2602382061149522,0.30178100033327704,0.28581782369700387,0.29344048501307607,0.28189190125129215,0.0005668006488755018,0.0005657068196251119,0.0005304652302971207,0.0005225493051326549,0.0005338563466407831,0.26445537223617444,0.2771127391057983,0.00010933845647977717,0.00010374883154400112
disease_ASTHMA_DIAGNOSED,cov_SMOKING_STATUS,nan,nan,nan,nan,nan,nan,nan,nan,nan,nan,0.28539540870125346,0.24979496763371678,9.070433390923729e-05,0.00012123060684531139
disease_HI_CHOL_SELF_REP,cov_PHYS2_DAYS_VERY_ACTIVE,0.21365724002570546,0.27386335698309494,0.2878562386450906,0.25076108948028614,0.24000198538600853,0.0004745689103591042,0.0005090169990762177,0.000648211399928282,0.0006352464161853228,0.000643991310009435,0.23620163544834633,0.2510353803346149,9.764521968610078e-05,0.00012036883773424924
disease_HI_CHOL_SELF_REP,cov_ALCOHOL_DESC_ORDER,0.250971517012151,0.2806740638537761,0.24022411568883373,0.2503641922381769,0.2394263012767763,0.0004810691060359879,0.0005472046351289949,0.0005406569397617825,0.0005528599409547119,0.00044472768333757463,0.24754983076798662,0.24143150828183016,9.887940240711113e-05,9.728500256025852e-05
disease_HI_CHOL_SELF_REP,cov_TOWNSEND_DEPRIVATION,0.27639200299089006,0.27023308091832526,0.2392905440847745,0.2620540826043186,0.2087933747138346,0.0005845210967783526,0.000547464172859629,0.0005221822331360346,0.000521355858991195,0.00042317916554104955,0.2598506570655081,0.21413479912706895,0.0001066463124508408,8.827628519017458e-05
disease_HI_CHOL_SELF_REP,other_TIME_TV,0.2030327762959749,0.2598027453851995,0.24711638166241337,0.24792829014661455,0.2367028006851522,0.0008690866768822419,0.0006679828470560316,0.0005348985077724478,0.000450347787813726,0.00035519694229981755,0.23842934633734847,0.23056146819130816,0.00013446767050671708,7.868582417114233e-05
disease_HI_CHOL_SELF_REP,other_NAP_TIME,0.24366842859669555,0.25052167796235975,0.2641655240580076,0.24803234783542683,0.2464519822937818,0.0006143976298018698,0.0006306073153950594,0.0005809671630266413,0.0004189228068809354,0.0004162715008941627,0.2504435644797225,0.22861175322715505,0.00011932947117687566,8.22205815115756e-05
disease_HI_CHOL_SELF_REP,other_NO_WHEAT,nan,nan,nan,nan,nan,nan,nan,nan,nan,nan,0.22652463008502172,0.2669062205961415,3.108243725474792e-05,0.02055443365913338
disease_HI_CHOL_SELF_REP,cov_DIET,0.1993863867242527,0.24970114294395301,0.19238952231673814,0.275026441132396,0.2587940675859496,0.0006109103852473879,0.0006681760588395323,0.0006537194558339065,0.0007014674941037847,0.000849418659913867,0.21966148864820473,0.24949387669338177,0.00012255984399743065,0.00013953521165481727
disease_HI_CHOL_SELF_REP,cov_Sleeplessness,nan,nan,nan,nan,nan,nan,nan,nan,nan,nan,0.23318062850312918,0.23173141147659565,0.00043732589306549587,4.492480118847509e-05
disease_HI_CHOL_SELF_REP,cov_ParticulateMatterAirPollution_irnt,0.25625995821897746,0.21525328681918704,0.2549167386969288,0.26504792834671986,0.26468164161411667,0.0005765580300819864,0.0005196621242552719,0.000531118886011597,0.0005259475015772888,0.0004851395953972683,0.22843148443239805,0.23807121129926115,0.00010133821305362703,9.639216057070434e-05
disease_HI_CHOL_SELF_REP,cov_SMOKING_STATUS,nan,nan,nan,nan,nan,nan,nan,nan,nan,nan,0.24656643282692015,0.22952276858962192,0.00010142682529933763,9.650510931090485e-05
disease_HYPERTENSION_DIAGNOSED,cov_PHYS2_DAYS_VERY_ACTIVE,0.36271410741401106,0.3652718673249538,0.37640326108899763,0.3372290890131254,0.36548036474496126,0.0002716867995616749,0.00027362222891463573,0.0003202441182694706,0.00031787910656626885,0.00032110416343041623,0.35314246730620535,0.3247523923022595,5.710021474221711e-05,6.399340650096694e-05
disease_HYPERTENSION_DIAGNOSED,cov_ALCOHOL_DESC_ORDER,0.369681480610959,0.3499452737888283,0.31801330370397013,0.3332429869741973,0.3736728822300838,0.0002650623292588717,0.00028090422971777,0.0002826619880990469,0.0002778605907644031,0.00025374298476228436,0.3349709245320216,0.34780917785351717,5.550557424826041e-05,5.509950763247924e-05
disease_HYPERTENSION_DIAGNOSED,cov_TOWNSEND_DEPRIVATION,0.33458791755068423,0.34269506587521903,0.3716710905953176,0.35131934459109404,0.30648022536555053,0.00028739443349968353,0.0002771141614431973,0.00027611670726871427,0.00027326775745132665,0.0002464320779744243,0.3376887209444784,0.34049898350646385,5.708573503903593e-05,5.388968174242147e-05
disease_HYPERTENSION_DIAGNOSED,other_TIME_TV,0.3698909769059021,0.3255730844832947,0.3516826559435963,0.3397027536298001,0.3541123462663953,0.00036254816416383105,0.00030419345336676803,0.0002769589477264876,0.00025811593994221196,0.00023354503268996335,0.3465597708693194,0.3326215828111665,6.498753722005511e-05,5.001088963431365e-05
disease_HYPERTENSION_DIAGNOSED,other_NAP_TIME,0.3245164408366545,0.34052884788572507,0.3532502878618572,0.3617654544017807,0.3740209303880261,0.00029986532646871737,0.00030374222599804,0.00028790130746688926,0.0002422412198614001,0.0002435690720338326,0.330148152442521,0.3444797810192217,6.132624600074647e-05,5.082137300346151e-05
disease_HYPERTENSION_DIAGNOSED,other_NO_WHEAT,nan,nan,nan,nan,nan,nan,nan,nan,nan,nan,0.3231617188905159,0.4872143346624538,1.910414331749829e-05,0.011461517295630077
disease_HYPERTENSION_DIAGNOSED,cov_DIET,0.3247725871621987,0.3405449862543867,0.36573473067201256,0.34617044178373146,0.36568230462741463,0.0003438864605746317,0.00035619942664045313,0.0003653982472949725,0.00036684687012801927,0.00041547389848174525,0.3397871684811463,0.3444441876320128,7.10913146680711e-05,7.586222446749684e-05
disease_HYPERTENSION_DIAGNOSED,cov_Sleeplessness,nan,nan,nan,nan,nan,nan,nan,nan,nan,nan,0.33067730143837937,0.3352111131551131,0.0002254815319803587,2.712934941176131e-05
disease_HYPERTENSION_DIAGNOSED,cov_ParticulateMatterAirPollution_irnt,0.35016393104895516,0.3553438300798564,0.34986953847180785,0.33694768208108256,0.329075248891803,0.00028477368842667655,0.00027962737733053976,0.00027422887011585475,0.0002715948340565478,0.00027997200165753714,0.34269911495887967,0.335154279829344,5.72169493394162e-05,5.6416614848413695e-05
disease_HYPERTENSION_DIAGNOSED,cov_SMOKING_STATUS,nan,nan,nan,nan,nan,nan,nan,nan,nan,nan,0.3496189859301419,0.32886267522991874,5.1324679497815516e-05,6.101582234028515e-05
disease_HYPOTHYROIDISM_SELF_REP,cov_PHYS2_DAYS_VERY_ACTIVE,0.5314745220855397,0.455153045030211,0.47223409342093153,0.45084212590715406,0.517891973959962,0.0013838191868640985,0.0013591724327369984,0.001647192454667765,0.0016783852754483266,0.002108653615531797,0.43177558947385697,0.45268423685652653,0.00027832230382572566,0.00035998498831872497
disease_HYPOTHYROIDISM_SELF_REP,cov_ALCOHOL_DESC_ORDER,0.5139482157053913,0.4858170025172904,0.5221943266119805,0.5515231246769933,0.49788468079522197,0.0023340951403821504,0.0019277949449337574,0.0016538654038210925,0.0013155518194932223,0.0009071846909192602,0.45538457705215274,0.437167188885323,0.000396465161331385,0.00022294013668587928
disease_HYPOTHYROIDISM_SELF_REP,cov_TOWNSEND_DEPRIVATION,0.5428336110249569,0.5275252168887529,0.4478319431729239,0.5310263858716145,0.46402954747130454,0.0016549068327106177,0.0015222927394830592,0.0014048338485549519,0.0014003487376435086,0.0013511149334206613,0.48014001330340617,0.4142371989741962,0.00030691739547761434,0.00026727894119443253
disease_HYPOTHYROIDISM_SELF_REP,other_TIME_TV,0.494317617575772,0.5122681284860539,0.5318979020785779,0.48501889267633624,0.5230227622209415,0.0018820270779861226,0.001647582859947652,0.001540119233113266,0.0013554727158696799,0.0011749775235704505,0.43269006776368246,0.4598354937637697,0.0003318994649325482,0.00025415116241117445
disease_HYPOTHYROIDISM_SELF_REP,other_NAP_TIME,0.4849214507172081,0.5601842589146163,0.509910971384152,0.5109303675191542,0.521764013150018,0.001534936418767215,0.0015224913358473998,0.0015348487210842024,0.001378922799352176,0.001374698760111243,0.4525158667260984,0.4344678759332769,0.0002988678615809514,0.0002708156581289124
disease_HYPOTHYROIDISM_SELF_REP,other_NO_WHEAT,nan,nan,nan,nan,nan,nan,nan,nan,nan,nan,0.40701885696172,1.0786175059120418,9.387587352221474e-05,0.043454315372433064
disease_HYPOTHYROIDISM_SELF_REP,cov_DIET,0.4569527997283092,0.523077337566408,0.5564591058756386,0.44585938066504005,0.5512499816391341,0.002648432480328456,0.0020890525105106985,0.0020000624607959747,0.0016445171233917377,0.0015924694386325162,0.4356221274313114,0.45112481630776324,0.00043460358885168875,0.0003264318541177017
disease_HYPOTHYROIDISM_SELF_REP,cov_Sleeplessness,nan,nan,nan,nan,nan,nan,nan,nan,nan,nan,0.48082149177819106,0.41709836292768493,0.0015895604642293863,0.00012587595099021294
disease_HYPOTHYROIDISM_SELF_REP,cov_ParticulateMatterAirPollution_irnt,0.5682808157516757,0.43661061937879,0.5419073851969801,0.5019157620932335,0.5681969085115864,0.0015351963462463326,0.00139257523753595,0.0014532736891942541,0.001521214684734685,0.0016931367632125312,0.4449636603922959,0.4483051908587187,0.0002853083817977375,0.0003026331947082522
disease_HYPOTHYROIDISM_SELF_REP,cov_SMOKING_STATUS,nan,nan,nan,nan,nan,nan,nan,nan,nan,nan,0.4451051610124805,0.453233790522135,0.00025049975111840576,0.0003359720436476444
disease_RESPIRATORY_ENT,cov_PHYS2_DAYS_VERY_ACTIVE,0.21284494789655106,0.22721123970813753,0.264969056392965,0.29400841958699375,0.2515886291996822,0.0004227035840730642,0.00043462370440970665,0.0005113777125998081,0.0005037454689041293,0.0005009751464804496,0.22599972338072857,0.2323801521355039,8.598085458949013e-05,9.534390793682033e-05
disease_RESPIRATORY_ENT,cov_ALCOHOL_DESC_ORDER,0.24067665138257066,0.2680321466211551,0.2529810896209302,nan,nan,0.00044220003148046766,0.0004541885161722599,0.0004599214357230506,nan,nan,0.23334971787044348,0.20893794760611353,8.746698631021389e-05,7.727340665031501e-05
disease_RESPIRATORY_ENT,cov_TOWNSEND_DEPRIVATION,0.27178558226985783,0.24190059435996036,0.2781393355703357,0.22767607463905992,0.21570574139744195,0.0004663787888526138,0.00046218325370927203,0.00045768638966216187,0.000415568333786944,0.00035689887832909313,0.2316433196391381,0.2107228122170219,8.895383867965814e-05,7.583870360779116e-05
disease_RESPIRATORY_ENT,other_TIME_TV,0.26540915880787447,0.22780117123571914,0.2610015858390694,0.24013752243820954,0.2527125415935059,0.0004480641264007446,0.0004465844825199322,0.0004574755695283153,0.000430395470433739,0.0003902642888289304,0.2365736992321616,0.21631729334488023,8.77575863352013e-05,8.019246866196181e-05
disease_RESPIRATORY_ENT,other_NAP_TIME,0.22641723944708567,0.23700143111443248,0.25439278606171833,0.21343736095621543,0.25572479705944584,0.00044574267572708133,0.00045699849280347903,0.0004434578794571616,0.0003782277530230548,0.00039636584220340357,0.2274867751388166,0.20930262613729875,8.796236397409444e-05,7.581094188458094e-05
disease_RESPIRATORY_ENT,other_NO_WHEAT,nan,nan,nan,nan,nan,nan,nan,nan,nan,nan,0.2084799134226515,0.197062718255405,2.659718886952002e-05,0.014206010852195692
disease_RESPIRATORY_ENT,cov_DIET,0.27689024930775075,0.22481401881874907,0.2636840361445731,0.2665656716597685,0.20722408629257902,0.0005674295631868115,0.0005671818893638598,0.0005884587175796838,0.0006045979517731061,0.00056853907539764,0.22898639391259729,0.22143065411559076,0.00010860722619471445,0.00011187405062593722
disease_RESPIRATORY_ENT,cov_Sleeplessness,nan,nan,nan,nan,nan,nan,nan,nan,nan,nan,0.23104506515739412,0.20524868638861876,0.0003432119397965657,3.796791411320706e-05
disease_RESPIRATORY_ENT,cov_ParticulateMatterAirPollution_irnt,0.19546530071522164,0.24331178055474934,0.23076061480410842,0.24536649469086733,0.2402724906535668,0.00044511350926527103,0.00044305732148650415,0.0004208499050748445,0.00041558230041453635,0.00042857129318751164,0.22170162485324202,0.2277241089327766,8.674919669440392e-05,8.151948224715352e-05
disease_RESPIRATORY_ENT,cov_SMOKING_STATUS,nan,nan,nan,nan,nan,nan,nan,nan,nan,nan,0.2429998051531842,0.20318288371564405,7.572430311710994e-05,9.055889804406105e-05
disease_T2D,cov_PHYS2_DAYS_VERY_ACTIVE,0.4026596175765752,0.43568855541451923,0.39473619392445425,0.33557306982555,0.2641614961682347,0.0014306789859359896,0.0015805237782067518,0.0029566654077116507,0.002825956631131606,0.0025460042694963915,0.3913348390229058,0.3463013835634328,0.0003135252170561475,0.0005177216517569224
disease_T2D,cov_ALCOHOL_DESC_ORDER,0.3766799337873086,0.32217652585096196,0.3472005710174971,0.3258548803491209,0.4521177050228578,0.00258712721211719,0.002799543842516209,0.0021514856881579432,0.0017665544023888666,0.00102777413086601,0.3695896937097949,0.3927140059849719,0.0005019321297294058,0.0002687975302124285
disease_T2D,cov_TOWNSEND_DEPRIVATION,0.33115501307615053,0.30726966365419167,0.44769593431861116,0.37863216153521606,0.3827106819840419,0.002607369644603471,0.002111552709668434,0.0021222959754684315,0.0017862618185535022,0.001201976333567624,0.35371669587447324,0.3671021847470514,0.0004379917388799256,0.0002851545492296135
disease_T2D,other_TIME_TV,0.34997584538465243,0.3251957476231805,0.39593487696636237,0.2751561218528813,0.41342265177148757,0.0041661607759800115,0.0028268740003427476,0.002124777893211452,0.0015828740887002843,0.0009625270462764936,0.3476644016357115,0.38762328391774403,0.0005936347632416861,0.0002496555487359458
disease_T2D,other_NAP_TIME,0.2591650378344901,0.32003776417307495,0.3794139361638572,0.41219404013635114,0.4214032989206182,0.0029215685178184433,0.0031769791720743477,0.002585548682271297,0.0011734672306939237,0.0011611070385774858,0.3524243012171182,0.3986570683871854,0.0005906368560121686,0.0002483139283805671
disease_T2D,other_NO_WHEAT,nan,nan,nan,nan,nan,nan,nan,nan,nan,nan,0.37173555915710504,0.7436711320747186,0.00011213242193446826,0.0629385226006059
disease_T2D,cov_DIET,0.34361923505247616,0.4384653940632649,0.40182009232935356,0.35510213723670514,0.40644984023943315,0.001866628746821037,0.0022593625978949068,0.0026900080795443544,0.0027870443929261615,0.0036514069652414135,0.4029703421484838,0.363577002558059,0.0004007824293325043,0.0005659249848319996
disease_T2D,cov_Sleeplessness,nan,nan,nan,nan,nan,nan,nan,nan,nan,nan,0.38152424973728105,0.37669250759052997,0.001613850691092256,0.00015972064165213523
disease_T2D,cov_ParticulateMatterAirPollution_irnt,0.41995287504020357,0.39307253615442084,0.37386298442767874,0.3389315266365255,0.46123861729922416,0.002203524303402659,0.0019666946476385146,0.0018245404586777344,0.001725279621337876,0.001874332583930716,0.3922268973799076,0.37322401072486117,0.0003868161570874701,0.0003346777270621227
disease_T2D,cov_SMOKING_STATUS,nan,nan,nan,nan,nan,nan,nan,nan,nan,nan,0.3741128943561139,0.37112584275424687,0.0004178793639622116,0.000307461400112463
lung_FEV1FVCzSMOKE,cov_PHYS2_DAYS_VERY_ACTIVE,0.357865,0.368844,0.381283,0.36634,0.397622,0.012284,0.011521,0.011509,0.011409,0.011405,0.330559,0.349525,0.005282,0.005152
lung_FEV1FVCzSMOKE,cov_ALCOHOL_DESC_ORDER,0.366631,0.388296,0.369655,0.381295,0.337257,0.011194,0.011126,0.011094,0.011145,0.011473,0.344026,0.329846,0.004974,0.005107
lung_FEV1FVCzSMOKE,cov_TOWNSEND_DEPRIVATION,0.37032,0.373934,0.383462,0.365318,0.354556,0.010922,0.010978,0.011076,0.011289,0.011685,0.343725,0.330098,0.004958,0.005122
lung_FEV1FVCzSMOKE,other_TIME_TV,0.375525,0.37842,0.365241,0.36797,0.347221,0.010997,0.011298,0.011136,0.01131,0.011573,0.343605,0.326961,0.004971,0.005152
lung_FEV1FVCzSMOKE,other_NAP_TIME,0.370233,0.370014,0.38231,0.360855,0.36968,0.011218,0.011168,0.010686,0.011811,0.011099,0.342041,0.327887,0.004949,0.005115
lung_FEV1FVCzSMOKE,other_NO_WHEAT,0.359802,0.370406,0.369537,0.349747,0.380868,0.011452,0.01142,0.011421,0.011402,0.010316,0.316287,0.392478,0.002976,0.076957
lung_FEV1FVCzSMOKE,cov_DIET,0.386039,0.373022,0.362883,0.377798,0.36318,0.013055,0.013012,0.012917,0.012939,0.01303,0.347164,0.338271,0.005779,0.005781
lung_FEV1FVCzSMOKE,cov_Sleeplessness,nan,nan,nan,nan,nan,nan,nan,nan,nan,nan,0.369423,0.320492,0.009375,0.003612
lung_FEV1FVCzSMOKE,cov_ParticulateMatterAirPollution_irnt,0.367259,0.360882,0.366825,0.367419,0.365746,0.011304,0.011349,0.011393,0.011328,0.011289,0.336987,0.332378,0.005098,0.005089
lung_FEV1FVCzSMOKE,cov_SMOKING_STATUS,nan,nan,nan,nan,nan,nan,nan,nan,nan,nan,0.349713,0.342699,0.004646,0.005512
mental_NEUROTICISM,cov_PHYS2_DAYS_VERY_ACTIVE,0.153334,0.175058,0.177065,0.157129,0.179633,0.011315,0.011502,0.011274,0.011026,0.011286,0.16685,0.161016,0.005053,0.004942
mental_NEUROTICISM,cov_ALCOHOL_DESC_ORDER,0.159235,0.16622,0.168085,0.1598,0.182339,0.010746,0.010846,0.010876,0.010926,0.011228,0.157558,0.168306,0.004785,0.004893
mental_NEUROTICISM,cov_TOWNSEND_DEPRIVATION,0.149877,0.170393,0.165104,0.168137,0.143872,0.010675,0.010843,0.010918,0.010877,0.011062,0.159933,0.159559,0.004788,0.004871
mental_NEUROTICISM,other_TIME_TV,0.135114,0.17679,0.163167,0.183831,0.192538,0.010573,0.010968,0.010769,0.011104,0.011417,0.149936,0.174574,0.004738,0.004953
mental_NEUROTICISM,other_NAP_TIME,0.144056,0.173363,0.16291,0.166895,0.171588,0.01067,0.010865,0.010732,0.010955,0.011083,0.152385,0.16987,0.004737,0.004909
mental_NEUROTICISM,other_NO_WHEAT,0.167168,0.164982,0.180981,0.168061,0.176988,0.01089,0.010917,0.011045,0.010937,0.010939,0.155453,0.176095,0.002776,0.074461
mental_NEUROTICISM,cov_DIET,0.152713,0.174192,0.160626,0.182907,0.150166,0.012548,0.012605,0.012515,0.01258,0.012347,0.163658,0.162344,0.005534,0.00548
mental_NEUROTICISM,cov_Sleeplessness,nan,nan,nan,nan,nan,nan,nan,nan,nan,nan,0.14508,0.15594,0.008829,0.00343
mental_NEUROTICISM,cov_ParticulateMatterAirPollution_irnt,0.174978,0.165155,0.182486,0.164412,0.155979,0.01101,0.011124,0.011093,0.011076,0.011011,0.163024,0.156895,0.004884,0.004897
mental_NEUROTICISM,cov_SMOKING_STATUS,nan,nan,nan,nan,nan,nan,nan,nan,nan,nan,0.157948,0.166922,0.004462,0.005287
