biochemistry_Cholesterol,cov_PHYS2_DAYS_VERY_ACTIVE,-15.414188999999997,8.9439,0.017211,15.399400999999997,8.9439,0.002379,4.4e-05,0.8548065,15.552520999999999
biochemistry_Cholesterol,cov_ALCOHOL_DESC_ORDER,-15.835953999999996,8.781723,0.56696,16.252503999999995,8.781723,0.97934,0.00417,0.1780849,16.416894000000003
biochemistry_Cholesterol,cov_TOWNSEND_DEPRIVATION,-15.260890999999997,8.778175,0.301527,15.184178999999997,8.778175,0.208519,0.016296,0.002179651,15.362627
biochemistry_Cholesterol,other_TIME_TV,-15.467114999999994,8.779117,0.000763,15.476997999999996,8.779117,0.006036,0.00461,0.05820018,15.640320999999997
biochemistry_Cholesterol,other_NAP_TIME,-15.198812999999994,8.775692,0.181955,15.159484999999995,8.7759,0.136993,0.005426,0.06534858,15.32825
biochemistry_Cholesterol,other_NO_WHEAT,-14.973854999999999,8.793401,0.010504,15.000703999999999,8.793737,0.034191,0.002826,0.1844694,15.158668000000002
biochemistry_Cholesterol,cov_DIET,-14.984798000000001,8.686754,0.006799,15.219338,8.686754,0.239494,0.001845,0.4739925,15.377819
biochemistry_Cholesterol,cov_Sleeplessness,-15.179567999999994,8.762493,0.11222,15.088435999999996,8.762493,0.005003,0.016085,0.005492451,15.262302
biochemistry_Cholesterol,cov_ParticulateMatterAirPollution_irnt,-15.218639999999999,8.800241,0.149814,15.219639999999998,8.800241,0.138459,0.012355,0.005971865,15.393509
biochemistry_Cholesterol,cov_SMOKING_STATUS,-15.019508,8.78112,0.004211,15.03773,8.78112,0.003706,0.018727,0.0006812484,15.220549000000002
biochemistry_Glucose,cov_PHYS2_DAYS_VERY_ACTIVE,-6.334712,2.659023,0.056064,6.314202000000001,2.659023,0.033011,0.002543,0.3536516,6.329578000000001
biochemistry_Glucose,cov_ALCOHOL_DESC_ORDER,-6.257802999999997,2.660477,0.002077,6.273101999999999,2.660477,0.001379,0.015997,0.004319315,6.304906999999999
biochemistry_Glucose,cov_TOWNSEND_DEPRIVATION,-6.228263,2.656557,0.045997,6.287175,2.656557,0.104428,0.000481,0.6927482,6.300315
biochemistry_Glucose,other_TIME_TV,-6.868484042438029,2.656665,0.6339254,6.511912689438028,2.656665,0.2744786,0.002875447,0.2111876,6.5294169079441895
biochemistry_Glucose,other_NAP_TIME,-6.408373,2.66275,0.21431,6.266343999999999,2.662755,0.057638,0.014638,0.006522778,6.296365
biochemistry_Glucose,other_NO_WHEAT,-6.208779,2.665535,0.011124,6.208967999999999,2.665539,0.004333,0.006976,0.145926,6.225806999999999
biochemistry_Glucose,cov_DIET,-6.264135999999998,2.653929,0.133555,6.261391999999998,2.653929,0.126397,0.004414,0.3074684,6.278254
biochemistry_Glucose,cov_Sleeplessness,-6.2681460000000015,2.649665,0.078218,6.212022000000001,2.649665,0.021859,0.000235,0.8485875,6.224069999999999
biochemistry_Glucose,cov_ParticulateMatterAirPollution_irnt,-6.137853999999999,2.624352,0.05394,6.181454,2.624352,0.097495,4.5e-05,0.9782467,6.191799000000001
biochemistry_Glucose,cov_SMOKING_STATUS,-6.2123573772273,2.648482,0.011208,6.204591000000001,2.648482,0.003441488,1.347727e-07,0.8780733,6.215331765742699
biochemistry_HbA1c,cov_PHYS2_DAYS_VERY_ACTIVE,-19.555600000000005,9.944844,0.226899,19.465502000000004,9.944844,0.132412,0.004389,0.1479576,19.59708699999999
biochemistry_HbA1c,cov_ALCOHOL_DESC_ORDER,-19.856633,9.794576,0.929526,20.173361,9.794576,1.236468,0.009786,0.01580504,20.307185999999994
biochemistry_HbA1c,cov_TOWNSEND_DEPRIVATION,-18.9721791522,9.777159,0.058408,19.121254,9.777159,0.2065176,0.0009652478,0.4948594,19.240582537706697
biochemistry_HbA1c,other_TIME_TV,-20.5900284,9.856809,1.653283,19.556031,9.856809,0.6069733,0.0123123,0.01554171,19.686359092579828
biochemistry_HbA1c,other_NAP_TIME,-20.02116648944286,9.806753,1.065261,19.37262048944286,9.806724,0.402298,0.014446,0.006650416,19.50392199999999
biochemistry_HbA1c,other_NO_WHEAT,-18.9193072607299,9.785732,0.012539,18.90776,9.785741,0.0009827181,2.11701e-08,0.9384545,19.023928883140098
biochemistry_HbA1c,cov_DIET,-19.454877999999997,9.957482,0.252471,19.497828,9.957482,0.281203,0.014218,0.01597634,19.636836000000002
biochemistry_HbA1c,cov_Sleeplessness,-19.220758298700005,9.791533,0.316335,18.989333000000002,9.791533,0.08409418,0.0008155213,0.5531952,19.110603685055246
biochemistry_HbA1c,cov_ParticulateMatterAirPollution_irnt,-18.891214000000005,9.790208,0.022944,18.871315000000006,9.790208,2e-06,0.003043,0.1766162,18.994149
biochemistry_HbA1c,cov_SMOKING_STATUS,-19.865055999999996,9.79084,0.712978,19.751880999999997,9.79084,0.599592,0.000211,0.8034138,19.867256999999995
biochemistry_HDLcholesterol,cov_PHYS2_DAYS_VERY_ACTIVE,-32.84973199999999,13.259082,0.31701,33.504630999999996,13.259082,0.968792,0.003117,0.2109998,33.63832999999999
biochemistry_HDLcholesterol,cov_ALCOHOL_DESC_ORDER,-36.04619016354483,13.24422,3.680247,39.15448299354483,13.24422,6.726626,0.06191383,2.80462e-10,39.3406860920808
biochemistry_HDLcholesterol,cov_TOWNSEND_DEPRIVATION,-32.34261400000001,13.254631,0.155491,32.247006000000006,13.254631,0.059553,0.00033,0.6320484,32.377401000000006
biochemistry_HDLcholesterol,other_TIME_TV,-33.969421102442325,13.25668,1.615392,33.72319648244232,13.25668,1.358957,0.01021038,0.01113074,33.864597020522545
biochemistry_HDLcholesterol,other_NAP_TIME,-33.56841599999999,13.273422,1.410071,32.866924999999995,13.273421,0.707469,0.001112,0.338553,32.99154800000001
biochemistry_HDLcholesterol,other_NO_WHEAT,-32.148952,13.270736,0.009186,32.145671,13.270702,0.005473,0.000466,0.5586755,32.275076
biochemistry_HDLcholesterol,cov_DIET,-34.128073,13.366492,1.75277,32.475611,13.366492,0.096989,0.003319,0.3037481,32.599278999999996
biochemistry_HDLcholesterol,cov_Sleeplessness,-32.30722300000001,13.268581,0.170239,32.15840600000001,13.268581,0.021418,4e-06,0.9877398,32.287468
biochemistry_HDLcholesterol,cov_ParticulateMatterAirPollution_irnt,-32.38181300000001,13.265042,0.089401,32.365857000000005,13.265042,0.072131,0.001314,0.3265639,32.492803000000016
biochemistry_HDLcholesterol,cov_SMOKING_STATUS,-32.779616999999995,13.265548,0.438859,32.42299499999999,13.265548,0.08158,0.000657,0.4282266,32.55474099999999
biochemistry_LDLdirect,cov_PHYS2_DAYS_VERY_ACTIVE,-14.338492999999998,10.333008,0.063148,14.304208999999998,10.333008,0.028525,0.000339,0.5038924,14.558439
biochemistry_LDLdirect,cov_ALCOHOL_DESC_ORDER,-14.168686999999998,10.228802,0.028238,14.213726999999999,10.228802,0.0653,0.007978,0.06954645,14.472249000000001
biochemistry_LDLdirect,cov_TOWNSEND_DEPRIVATION,-14.179727999999999,10.214867,0.284349,14.130692000000002,10.214867,0.229912,0.005401,0.06829436,14.391792000000002
biochemistry_LDLdirect,other_TIME_TV,-14.411700999999997,10.219262,0.031992,14.400552999999999,10.219262,0.014324,0.00652,0.0313318,14.66093
biochemistry_LDLdirect,other_NAP_TIME,-13.991047000000004,10.222898,0.04393,14.002971000000002,10.222862,0.047568,0.008322,0.02378626,14.272047
biochemistry_LDLdirect,other_NO_WHEAT,-13.903048731780412,10.2468,0.01785079,13.915597620039911,10.2469,0.03029941,2.682595e-07,0.9380625,14.163724309828504
biochemistry_LDLdirect,cov_DIET,-13.915943999999998,10.115624,0.112368,14.073682,10.115624,0.265686,0.00442,0.1919162,14.31571
biochemistry_LDLdirect,cov_Sleeplessness,-13.981915205000002,10.200862,0.030976,13.970158,10.20086,0.001727395,0.0174934,0.003843335,14.237665603483496
biochemistry_LDLdirect,cov_ParticulateMatterAirPollution_irnt,-14.190018,10.221743,0.240952,14.180940999999999,10.221743,0.223807,0.008068,0.02698185,14.439810999999999
biochemistry_LDLdirect,cov_SMOKING_STATUS,-13.982609999999998,10.221751,0.000235,13.997178999999997,10.221751,0.000963,0.013841,0.003720347,14.267821999999999
biochemistry_Triglycerides,cov_PHYS2_DAYS_VERY_ACTIVE,-16.485921,8.728712,0.461597,16.76716,8.728712,0.727488,0.015348,0.00285958,16.990341
biochemistry_Triglycerides,cov_ALCOHOL_DESC_ORDER,-15.825738000000001,8.714398,0.119557,16.24594,8.714398,0.514382,0.025377,0.000171617,16.444329000000003
biochemistry_Triglycerides,cov_TOWNSEND_DEPRIVATION,-15.724745000000004,8.715738,0.024103,15.725494000000001,8.715738,0.024835,1.7e-05,0.9937029,15.901929
biochemistry_Triglycerides,other_TIME_TV,-17.882618,8.689136,2.203894,17.275498,8.689136,1.561633,0.035141,8.401371e-06,17.485920999999998
biochemistry_Triglycerides,other_NAP_TIME,-16.723074000000004,8.701676,1.014597,16.185612000000003,8.701398,0.473657,0.003756,0.1773667,16.364632
biochemistry_Triglycerides,other_NO_WHEAT,-15.682568,8.708266,0.011154,15.674239,8.708088,0.002471,0.000532,0.5087262,15.854125000000003
biochemistry_Triglycerides,cov_DIET,-17.402814,8.592881,1.65845,16.431853,8.592881,0.651335,0.036154,4.237362e-05,16.639825999999996
biochemistry_Triglycerides,cov_Sleeplessness,-15.724436999999998,8.70667,0.075804,15.874553,8.70667,0.209223,0.016697,0.002863288,16.068595000000002
biochemistry_Triglycerides,cov_ParticulateMatterAirPollution_irnt,-16.006662,8.754309,0.210077,15.949736999999997,8.754309,0.149293,0.003859,0.1439032,16.129269
biochemistry_Triglycerides,cov_SMOKING_STATUS,-16.424188,8.702338,0.726841,16.125134000000003,8.702338,0.417879,0.009908,0.02613367,16.305471
biochemistry_VitaminD,cov_PHYS2_DAYS_VERY_ACTIVE,-8.217451,5.154331,1.826805,8.422864,5.154331,2.003526,0.028692,0.0002427923,8.463184000000002
biochemistry_VitaminD,cov_ALCOHOL_DESC_ORDER,-6.858173000000002,5.146698,0.788348,6.906455,5.146698,0.832907,0.003723,0.150417,6.921
biochemistry_VitaminD,cov_TOWNSEND_DEPRIVATION,-7.181849999999999,5.125988,1.198595,7.097928999999999,5.125988,1.088145,0.026529,0.0002654178,7.135444000000001
biochemistry_VitaminD,other_TIME_TV,-6.284155999999999,5.113451,0.164887,6.399084,5.113451,0.2798,1.5e-05,0.7272687,6.4095759999999995
biochemistry_VitaminD,other_NAP_TIME,-6.156415999999999,5.112556,0.11921,6.215050999999999,5.112571,0.177703,0.000127,0.7957532,6.2240540000000015
biochemistry_VitaminD,other_NO_WHEAT,-6.0957269999999975,5.143647,0.02217,6.087800999999998,5.143713,0.014108,7e-05,0.9600934,6.09585
biochemistry_VitaminD,cov_DIET,-6.249669615544459,5.156381,0.1013277,6.223643587544459,5.156381,0.07085082,0.004450852,0.2100301,6.232387909163499
biochemistry_VitaminD,cov_Sleeplessness,-6.071335,5.139851,0.002355,6.0941220000000005,5.139851,0.02353,0.001612,0.4306105,6.105720000000001
biochemistry_VitaminD,cov_ParticulateMatterAirPollution_irnt,-6.552007000000001,5.146798,0.029854,6.568084000000001,5.146798,0.04152,0.004411,0.1833926,6.578836999999999
biochemistry_VitaminD,cov_SMOKING_STATUS,-6.659629,5.136997,0.175573,6.657572999999999,5.136997,0.171825,0.001692,0.3288812,6.668281999999999
blood_EOSINOPHIL_COUNT,cov_PHYS2_DAYS_VERY_ACTIVE,-11.476462000000003,10.698979,0.191943,11.451690000000001,10.698979,0.164742,0.002429,0.241086,11.514258000000002
blood_EOSINOPHIL_COUNT,cov_ALCOHOL_DESC_ORDER,-11.289035999999994,10.661125,0.049323,11.271015999999998,10.661125,0.029405,0.001898,0.3151561,11.331676000000002
blood_EOSINOPHIL_COUNT,cov_TOWNSEND_DEPRIVATION,-11.207340999999998,10.624896,0.021669,11.212840999999997,10.624896,0.025986,0.001183,0.4412355,11.271763
blood_EOSINOPHIL_COUNT,other_TIME_TV,-11.344435999999998,10.66943,0.135235,11.355916999999998,10.66943,0.145842,0.000874,0.5402165,11.415692999999997
blood_EOSINOPHIL_COUNT,other_NAP_TIME,-11.266174000000001,10.665806,0.048523,11.284854000000001,10.665679,0.06384,0.00349,0.1812147,11.347018000000004
blood_EOSINOPHIL_COUNT,other_NO_WHEAT,-11.257026999999999,10.687287,0.007691,11.259803999999999,10.687329,0.010259,0.000167,0.7579557,11.317647
blood_EOSINOPHIL_COUNT,cov_DIET,-11.312906000000002,10.704527,0.104405,11.384173,10.704527,0.175177,0.000495,0.713868,11.443177
blood_EOSINOPHIL_COUNT,cov_Sleeplessness,-11.212388999999998,10.644715,0.008764,11.207046999999998,10.644715,0.001985,0.001437,0.4202465,11.264322999999996
blood_EOSINOPHIL_COUNT,cov_ParticulateMatterAirPollution_irnt,-11.174787000000004,10.612954,0.00026,11.178197000000004,10.612954,0.000385,0.003285,0.2132186,11.237619000000006
blood_EOSINOPHIL_COUNT,cov_SMOKING_STATUS,-12.013109999999998,10.644195,0.687178,12.078038,10.644195,0.748397,0.003709,0.2001422,12.141293000000005
blood_HIGH_LIGHT_SCATTER_RETICULOCYTE_COUNT,cov_PHYS2_DAYS_VERY_ACTIVE,-12.668229999999996,11.660912,0.61201,12.650071999999998,11.660912,0.593621,0.000231,0.7405659,12.685692
blood_HIGH_LIGHT_SCATTER_RETICULOCYTE_COUNT,cov_ALCOHOL_DESC_ORDER,-11.941544000000002,11.591897,0.014881,11.941926,11.591897,0.01479,0.000473,0.5856271,11.979289999999997
blood_HIGH_LIGHT_SCATTER_RETICULOCYTE_COUNT,cov_TOWNSEND_DEPRIVATION,-12.020044000000002,11.60675,0.10595,12.033548,11.60675,0.119366,8.8e-05,0.8809685,12.069591
blood_HIGH_LIGHT_SCATTER_RETICULOCYTE_COUNT,other_TIME_TV,-13.507560936736917,11.59515,1.545188,13.455772947736918,11.59515,1.490486,0.002914011,0.4732244,13.489782084937547
blood_HIGH_LIGHT_SCATTER_RETICULOCYTE_COUNT,other_NAP_TIME,-12.335565000000003,11.592597,0.448047,12.309669000000003,11.592594,0.418789,0.003365,0.1641743,12.347749
blood_HIGH_LIGHT_SCATTER_RETICULOCYTE_COUNT,other_NO_WHEAT,-11.940304999999997,11.641957,2.7e-05,11.950860999999998,11.641958,4.1e-05,0.010541,0.0165507,11.996757000000002
blood_HIGH_LIGHT_SCATTER_RETICULOCYTE_COUNT,cov_DIET,-12.664787805200005,11.614492,0.703796,12.732739000000004,11.61449,0.7715769,0.0001722948,0.7890366,12.774321308062385
blood_HIGH_LIGHT_SCATTER_RETICULOCYTE_COUNT,cov_Sleeplessness,-12.075598000000001,11.609531,0.169474,12.054865000000001,11.609531,0.14726,0.001481,0.3859245,12.092586000000002
blood_HIGH_LIGHT_SCATTER_RETICULOCYTE_COUNT,cov_ParticulateMatterAirPollution_irnt,-11.941273,11.593135,0.013614,11.944405,11.593135,0.01663,0.000116,0.7669803,11.976001000000002
blood_HIGH_LIGHT_SCATTER_RETICULOCYTE_COUNT,cov_SMOKING_STATUS,-12.122589000000005,11.615702,0.13801,12.138431000000002,11.615702,0.138257,0.015595,0.006871069,12.191336999999997
blood_LYMPHOCYTE_COUNT,cov_PHYS2_DAYS_VERY_ACTIVE,-10.355979000000001,9.523998,0.098073,10.370845000000003,9.523998,0.111842,0.001097,0.5325271,10.415365000000001
blood_LYMPHOCYTE_COUNT,cov_ALCOHOL_DESC_ORDER,-10.334435000000001,9.482254,0.173272,10.370285,9.482254,0.199469,0.009653,0.03413051,10.410987000000004
blood_LYMPHOCYTE_COUNT,cov_TOWNSEND_DEPRIVATION,-10.351868480127807,9.469519,0.1145144,10.35027308012781,9.469519,0.110347,0.002572,0.2336049,10.384784
blood_LYMPHOCYTE_COUNT,other_TIME_TV,-10.905928999999995,9.527166,0.673159,10.918504999999998,9.527166,0.685693,4.2e-05,0.7766576,10.952232
blood_LYMPHOCYTE_COUNT,other_NAP_TIME,-10.321105942,9.458228,0.118674,10.315385000000003,9.458386,0.1111201,0.001674958,0.3374613,10.350320714216702
blood_LYMPHOCYTE_COUNT,other_NO_WHEAT,-10.200180000000003,9.46005,0.010135,10.199612,9.45988,0.008809,0.000928,0.413733,10.235986
blood_LYMPHOCYTE_COUNT,cov_DIET,-10.843582999999997,9.627748,0.506056,10.810141999999997,9.627748,0.472515,0.0001,0.8395615,10.846518000000001
blood_LYMPHOCYTE_COUNT,cov_Sleeplessness,-10.221021,9.480404,0.002464,10.224065000000001,9.480404,0.005474,3.4e-05,0.8184632,10.257729999999999
blood_LYMPHOCYTE_COUNT,cov_ParticulateMatterAirPollution_irnt,-10.215499354569998,9.464818,0.002193,10.215474999999998,9.464818,0.00214506,2.358543e-05,0.8060372,10.2455650477331
blood_LYMPHOCYTE_COUNT,cov_SMOKING_STATUS,-13.704011000000005,9.468613,2.735822,13.669795000000002,9.468613,2.701603,3e-06,0.7521864,13.694669999999999
blood_MEAN_CORPUSCULAR_HEMOGLOBIN,cov_PHYS2_DAYS_VERY_ACTIVE,-17.645641,15.31334,0.093294,17.648401999999997,15.31334,0.095816,0.000239,0.624212,17.653003000000002
blood_MEAN_CORPUSCULAR_HEMOGLOBIN,cov_ALCOHOL_DESC_ORDER,-21.294090000000004,15.146334,4.093247,21.482348000000005,15.146334,4.280655,0.00085,0.2945093,21.48679099999999
blood_MEAN_CORPUSCULAR_HEMOGLOBIN,cov_TOWNSEND_DEPRIVATION,-17.412793,15.115036,0.074488,17.408253,15.115036,0.068402,0.001546,0.5267892,17.411604999999998
blood_MEAN_CORPUSCULAR_HEMOGLOBIN,other_TIME_TV,-17.437469999999998,15.159768,0.007654,17.434374999999996,15.159768,0.002383,0.002176,0.2045247,17.439939999999996
blood_MEAN_CORPUSCULAR_HEMOGLOBIN,other_NAP_TIME,-17.304560999999993,15.107436,0.012167,17.298485999999997,15.107367,0.00543,0.000731,0.581418,17.301295000000003
blood_MEAN_CORPUSCULAR_HEMOGLOBIN,other_NO_WHEAT,-17.347141000000008,15.114527,0.046103,17.348182,15.114494,0.047113,6.4e-05,0.9324323,17.350906
blood_MEAN_CORPUSCULAR_HEMOGLOBIN,cov_DIET,-17.358209000000002,15.232316,0.016334,17.377131999999996,15.232316,0.024977,0.01028,0.03184482,17.389471999999998
blood_MEAN_CORPUSCULAR_HEMOGLOBIN,cov_Sleeplessness,-17.342312217999996,15.114902,0.031261,17.350893999999997,15.1149,0.03595646,0.003888322,0.2317704,17.355898267824397
blood_MEAN_CORPUSCULAR_HEMOGLOBIN,cov_ParticulateMatterAirPollution_irnt,-17.7778277528,15.149454,0.226276,17.767935,15.14945,0.2162273,0.0001599472,0.8511213,17.770426728324797
blood_MEAN_CORPUSCULAR_HEMOGLOBIN,cov_SMOKING_STATUS,-19.275022000000007,15.117458,1.776803,19.330647000000006,15.117458,1.821944,0.010484,0.01059814,19.344593
blood_MEAN_PLATELET_VOL,cov_PHYS2_DAYS_VERY_ACTIVE,-31.116348,30.618803,0.00065,31.116375,30.618803,0.000359,0.000318,0.5944405,31.12743499999999
blood_MEAN_PLATELET_VOL,cov_ALCOHOL_DESC_ORDER,-31.289260999999996,30.673526,0.111575,31.290408,30.673526,0.11213,0.000592,0.4580652,31.299539999999993
blood_MEAN_PLATELET_VOL,cov_TOWNSEND_DEPRIVATION,-31.134291,30.632812,0.001993,31.138536000000006,30.632812,0.002501,0.003737,0.1277215,31.149679999999996
blood_MEAN_PLATELET_VOL,other_TIME_TV,-31.130168000000005,30.627854,0.001815,31.130613,30.627854,0.001062,0.001198,0.4175909,31.139609000000007
blood_MEAN_PLATELET_VOL,other_NAP_TIME,-31.20207699576881,30.69979,3.155344e-07,31.204411680234408,30.699789,5.2e-05,0.002284,0.2077528,31.21472199999999
blood_MEAN_PLATELET_VOL,other_NO_WHEAT,-31.188926000000002,30.688184,0.008797,31.189557000000004,30.688284,0.008208,0.00112,0.4211328,31.198914000000002
blood_MEAN_PLATELET_VOL,cov_DIET,-31.052684000000003,30.506155,0.051697,31.053956000000003,30.506155,0.051237,0.001732,0.3193782,31.067933
blood_MEAN_PLATELET_VOL,cov_Sleeplessness,-31.183994999999992,30.661786,0.023732,31.189498999999994,30.661786,0.02807,0.001166,0.3795025,31.198807
blood_MEAN_PLATELET_VOL,cov_ParticulateMatterAirPollution_irnt,-31.308167000000008,30.808584,0.000336,31.308253000000008,30.808584,0.000416,6e-06,0.9887922,31.316135
blood_MEAN_PLATELET_VOL,cov_SMOKING_STATUS,-31.147986999999997,30.642354,0.00855,31.149011,30.642354,0.008924,0.00065,0.5736777,31.157354000000005
blood_MONOCYTE_COUNT,cov_PHYS2_DAYS_VERY_ACTIVE,-16.81681999999999,16.095349,0.28185,16.833596999999994,16.095349,0.297313,0.001314,0.4176557,16.872084999999995
blood_MONOCYTE_COUNT,cov_ALCOHOL_DESC_ORDER,-16.476917000000004,16.032802,0.009916,16.476432000000003,16.032802,0.009345,8.6e-05,0.7714475,16.519855999999994
blood_MONOCYTE_COUNT,cov_TOWNSEND_DEPRIVATION,-16.616001816000015,16.007428,0.201879,16.607471000000007,16.00743,0.1903716,0.002974584,0.1609297,16.654771803497106
blood_MONOCYTE_COUNT,other_TIME_TV,-16.742326793360032,16.01015,0.3392205,16.797042499360032,16.01015,0.3898919,0.004044306,0.1509342,16.843869634589336
blood_MONOCYTE_COUNT,other_NAP_TIME,-16.544129527000003,16.001815,0.169712,16.57605000000001,16.00193,0.1959699,0.005547573,0.07003322,16.625168547920403
blood_MONOCYTE_COUNT,other_NO_WHEAT,-16.410076000000004,16.009777,0.000737,16.409997999999998,16.009946,0.000394,9.6e-05,0.8409024,16.453787999999996
blood_MONOCYTE_COUNT,cov_DIET,-16.897536000000002,16.124123,0.306166,16.915992000000006,16.124123,0.324373,0.000249,0.6887048,16.953373000000003
blood_MONOCYTE_COUNT,cov_Sleeplessness,-16.43195224209299,15.995267,0.025952,16.440937999999996,15.99527,0.03492772,7.037907e-06,0.9923393,16.483057133206355
blood_MONOCYTE_COUNT,cov_ParticulateMatterAirPollution_irnt,-16.548685000000006,16.11147,0.050038,16.545796000000003,16.11147,0.045518,0.001631,0.3094716,16.585549
blood_MONOCYTE_COUNT,cov_SMOKING_STATUS,-17.352095490999993,16.005013,0.771317,17.363869999999995,16.00501,0.7801654,0.002929109,0.170742,17.409532732199303
blood_PLATELET_COUNT,cov_PHYS2_DAYS_VERY_ACTIVE,-20.926522633667606,20.54374,0.0601976,20.93283903366761,20.543738,0.066491,2.5e-05,0.9256697,21.016854999999996
blood_PLATELET_COUNT,cov_ALCOHOL_DESC_ORDER,-20.770395999999995,20.496752,0.015334,20.779864999999997,20.496752,0.021857,0.002946,0.1518395,20.870184999999996
blood_PLATELET_COUNT,cov_TOWNSEND_DEPRIVATION,-20.800122000000005,20.474259,0.054554,20.802217000000006,20.474259,0.055063,0.001586,0.4159092,20.892076
blood_PLATELET_COUNT,other_TIME_TV,-21.040237,20.503852,0.253741,21.038961,20.503852,0.252341,0.000124,0.7805615,21.135683000000004
blood_PLATELET_COUNT,other_NAP_TIME,-20.841376999999994,20.510615,0.019565,20.838286999999998,20.51068,0.015891,0.000519,0.6344035,20.925058000000007
blood_PLATELET_COUNT,other_NO_WHEAT,-20.770299,20.492501,0.01053,20.770567,20.493734,0.009563,2e-06,0.9994068,20.85395199999999
blood_PLATELET_COUNT,cov_DIET,-20.88102600000001,20.575547,0.068545,20.869188000000005,20.575547,0.056442,0.000265,0.6615298,20.969649999999994
blood_PLATELET_COUNT,cov_Sleeplessness,-20.804115,20.481737,0.051745,20.811904,20.481737,0.059457,7.7e-05,0.8757793,20.900307999999995
blood_PLATELET_COUNT,cov_ParticulateMatterAirPollution_irnt,-20.791109,20.501808,0.01952,20.794836000000004,20.501808,0.02177,0.001477,0.412552,20.878811
blood_PLATELET_COUNT,cov_SMOKING_STATUS,-20.876105000000006,20.497099,0.112442,20.870909000000005,20.497099,0.105648,0.001598,0.3182989,20.96073399999999
blood_RBC_DISTRIB_WIDTH,cov_PHYS2_DAYS_VERY_ACTIVE,-12.92882,11.781849,0.043923,12.937236000000002,11.781849,0.050964,0.001375,0.4952416,12.998131
blood_RBC_DISTRIB_WIDTH,cov_ALCOHOL_DESC_ORDER,-13.489408,11.712829,0.945308,13.617116999999997,11.712829,1.06196,0.011057,0.01512685,13.683283999999995
blood_RBC_DISTRIB_WIDTH,cov_TOWNSEND_DEPRIVATION,-12.831448999999996,11.730132,0.148181,12.841513999999997,11.730132,0.155684,0.002562,0.3009708,12.904098999999999
blood_RBC_DISTRIB_WIDTH,other_TIME_TV,-12.988734000000003,11.722318,0.296803,12.947916000000001,11.722318,0.248591,0.007394,0.04862841,13.015735000000003
blood_RBC_DISTRIB_WIDTH,other_NAP_TIME,-12.794276,11.70983,0.182873,12.75705,11.709737,0.142674,0.003066,0.2447674,12.823164
blood_RBC_DISTRIB_WIDTH,other_NO_WHEAT,-12.623619999999999,11.692328,0.00043,12.627625,11.692335,0.000565,0.003863,0.214868,12.690747
blood_RBC_DISTRIB_WIDTH,cov_DIET,-12.788283999999999,11.828897,0.022266,12.784355999999999,11.828897,0.01007,0.008268,0.0792941,12.858553
blood_RBC_DISTRIB_WIDTH,cov_Sleeplessness,-12.699965,11.717127,0.019886,12.702454000000003,11.717127,0.022357,1.8e-05,0.952252,12.761775999999998
blood_RBC_DISTRIB_WIDTH,cov_ParticulateMatterAirPollution_irnt,-12.691021,11.749292,0.000842,12.690478999999996,11.749292,0.00023,7e-05,0.7604019,12.755766999999997
blood_RBC_DISTRIB_WIDTH,cov_SMOKING_STATUS,-13.288549000000005,11.729483,0.200135,13.268572000000002,11.729483,0.176072,0.004086,0.1907776,13.333289999999996
blood_RED_COUNT,cov_PHYS2_DAYS_VERY_ACTIVE,-14.812417,11.711391,0.191694,14.834202999999999,11.711391,0.212679,0.000801,0.6795443,14.851228000000003
blood_RED_COUNT,cov_ALCOHOL_DESC_ORDER,-15.556909000000003,11.65764,1.056122,15.668039000000002,11.65764,1.149049,0.018203,0.001522044,15.70414
blood_RED_COUNT,cov_TOWNSEND_DEPRIVATION,-14.598030000000001,11.630108,0.042168,14.601628,11.630108,0.043678,0.002088,0.4580333,14.620385000000006
blood_RED_COUNT,other_TIME_TV,-14.844143,11.666213,0.146792,14.838446000000001,11.666213,0.139604,0.001491,0.3368369,14.858686
blood_RED_COUNT,other_NAP_TIME,-14.545908,11.639252,0.021556,14.542457,11.639255,0.015458,0.002644,0.2155967,14.562244000000003
blood_RED_COUNT,other_NO_WHEAT,-14.514852000000003,11.659456,0.021013,14.513247000000003,11.659499,0.019345,2e-05,0.9500803,14.528906
blood_RED_COUNT,cov_DIET,-14.996457000000001,11.651756,0.31992,14.962767,11.651756,0.285012,0.001218,0.5039179,14.973422000000001
blood_RED_COUNT,cov_Sleeplessness,-14.592067,11.645925,0.020329,14.590811,11.645925,0.015836,0.003237,0.1811116,14.610007000000001
blood_RED_COUNT,cov_ParticulateMatterAirPollution_irnt,-14.698063000000003,11.6769,0.070058,14.695973000000002,11.6769,0.067611,0.000357,0.6772681,14.711077999999999
blood_RED_COUNT,cov_SMOKING_STATUS,-14.760606999999998,11.622951,0.132118,14.785037999999997,11.622951,0.146403,0.010146,0.04097497,14.810157000000002
blood_WHITE_COUNT,cov_PHYS2_DAYS_VERY_ACTIVE,-10.304682999999999,8.799868,0.54469,10.318477999999999,8.799868,0.558093,0.000392,0.5898863,10.328838000000001
blood_WHITE_COUNT,cov_ALCOHOL_DESC_ORDER,-10.076343000000003,8.778373,0.570773,10.112440000000001,8.778373,0.603547,0.003323,0.1903005,10.122416999999999
blood_WHITE_COUNT,cov_TOWNSEND_DEPRIVATION,-10.205510000000002,8.778143,0.635462,10.214100000000002,8.778143,0.641341,0.002711,0.1890267,10.226087999999997
blood_WHITE_COUNT,other_TIME_TV,-11.123626999999999,8.805229,1.529558,11.143958,8.805229,1.549237,0.000652,0.7105612,11.150749
blood_WHITE_COUNT,other_NAP_TIME,-9.939890999999998,8.78898,0.429603,9.933730999999998,8.789022,0.422792,0.000609,0.5605894,9.94187
blood_WHITE_COUNT,other_NO_WHEAT,-9.536143999999998,8.784351,0.001406,9.541481999999998,8.78438,0.001327,0.005388,0.1297572,9.553477
blood_WHITE_COUNT,cov_DIET,-10.471547,8.749487,0.846868,10.503898999999999,8.749487,0.876731,0.002489,0.3829001,10.515049000000001
blood_WHITE_COUNT,cov_Sleeplessness,-9.615800206862632,8.781126,0.07901421,9.620711410762631,8.781126,0.08370446,0.0002209539,0.7699228,9.628732822700803
blood_WHITE_COUNT,cov_ParticulateMatterAirPollution_irnt,-9.612176999999999,8.806115,0.080907,9.614360000000001,8.806115,0.082957,0.000133,0.7731803,9.622382000000002
blood_WHITE_COUNT,cov_SMOKING_STATUS,-14.480460000000003,8.766424,3.478854,14.480208000000001,8.766424,3.478346,0.000256,0.4573925,14.492591
bmd_HEEL_TSCOREz,cov_PHYS2_DAYS_VERY_ACTIVE,-18.208641,17.202523,0.583208,18.206299,17.202523,0.579436,0.00143,0.4423121,18.208517
bmd_HEEL_TSCOREz,cov_ALCOHOL_DESC_ORDER,-17.26567900000001,16.972196,0.00946,17.275049000000006,16.972196,0.010929,0.007901,0.04665305,17.283286
bmd_HEEL_TSCOREz,cov_TOWNSEND_DEPRIVATION,-17.405454000000006,16.977162,0.190017,17.424785000000004,16.977162,0.199377,0.009971,0.01857806,17.436003999999997
bmd_HEEL_TSCOREz,other_TIME_TV,-17.35890799999999,16.988932,0.128659,17.34856899999999,16.988932,0.115973,0.002347,0.201825,17.352849
bmd_HEEL_TSCOREz,other_NAP_TIME,-17.17824800000001,16.948178,0.016531,17.175243000000005,16.948337,0.012518,0.000849,0.4910769,17.177447999999995
bmd_HEEL_TSCOREz,other_NO_WHEAT,-17.180007000000007,16.962032,0.02053,17.179568000000007,16.962043,0.01966,0.00042,0.644689,17.181151
bmd_HEEL_TSCOREz,cov_DIET,-17.3750725004935,17.07719,0.0004269426,17.3878298693935,17.07719,0.0004544115,0.0127299,0.01395147,17.401333245386123
bmd_HEEL_TSCOREz,cov_Sleeplessness,-17.253708000000003,16.965346,0.043726,17.25157,16.965346,0.039878,0.00171,0.3290977,17.254752
bmd_HEEL_TSCOREz,cov_ParticulateMatterAirPollution_irnt,-17.39676500000001,16.961437,0.176065,17.407327000000006,16.961437,0.182305,0.004322,0.1274513,17.413451
bmd_HEEL_TSCOREz,cov_SMOKING_STATUS,-17.733365000000006,16.941804,0.51845,17.73323700000001,16.941804,0.516563,0.001759,0.2488676,17.736835000000006
body_BMIz,cov_PHYS2_DAYS_VERY_ACTIVE,-8.369214000000001,6.722127,0.976414,8.459511000000001,6.722127,1.03383,0.032881,4.90149e-05,8.511551
body_BMIz,cov_ALCOHOL_DESC_ORDER,-8.881886871631396,6.713567,1.397668,9.137874871631398,6.713567,1.607657,0.045999,3.629847e-08,9.216816
body_BMIz,cov_TOWNSEND_DEPRIVATION,-7.405994000000001,6.699721,0.047157,7.431775000000001,6.699721,0.053995,0.018943,0.00200217,7.468075000000001
body_BMIz,other_TIME_TV,-11.480562000000003,6.717634,3.899819,11.317890000000004,6.717634,3.736952,0.000195,0.02582111,11.351913000000001
body_BMIz,other_NAP_TIME,-8.221350000000001,6.718592,0.907998,8.102941000000001,6.71859,0.780081,0.00951,0.02530416,8.133142999999999
body_BMIz,other_NO_WHEAT,-7.309238000000001,6.703948,0.01244,7.308379,6.703948,0.011555,2.6e-05,0.8369007,7.327509000000002
body_BMIz,cov_DIET,-9.618990000000002,6.774234,2.231631,9.469653000000001,6.774234,2.07002,0.012274,0.01266833,9.499362999999995
body_BMIz,cov_Sleeplessness,-7.459230999999998,6.701932,0.148518,7.477458999999999,6.701932,0.161735,0.005011,0.1512173,7.500905
body_BMIz,cov_ParticulateMatterAirPollution_irnt,-7.564769999999999,6.726817,0.140007,7.549241000000001,6.726817,0.123573,0.000905,0.6113991,7.568042000000001
body_BMIz,cov_SMOKING_STATUS,-7.675514999999999,6.716838,0.000144,7.696035999999999,6.716838,0.000764,0.019901,0.01789759,7.728237000000001
body_HEIGHTz,cov_PHYS2_DAYS_VERY_ACTIVE,-32.14761300000001,29.965837,0.01892,32.148254,29.965837,0.017568,0.001993,0.3375024,32.159913
body_HEIGHTz,cov_ALCOHOL_DESC_ORDER,-32.36865,29.765944,0.710299,32.439552,29.765944,0.765325,0.015876,0.0004126795,32.46642800000001
body_HEIGHTz,cov_TOWNSEND_DEPRIVATION,-32.24250300000001,29.776084,0.317489,32.27430300000001,29.776084,0.344744,0.004545,0.2084836,32.286579
body_HEIGHTz,other_TIME_TV,-32.582046000000005,29.829609,0.674492,32.51747600000001,29.829609,0.600528,0.009394,0.05935952,32.530182
body_HEIGHTz,other_NAP_TIME,-31.933806999999995,29.773093,0.061557,31.912790999999995,29.773111,0.040237,0.000286,0.5548103,31.921705000000006
body_HEIGHTz,other_NO_WHEAT,-31.938250999999998,29.811192,0.027045,31.941074999999998,29.810763,0.024914,0.005384,0.08607959,31.954528
body_HEIGHTz,cov_DIET,-32.34789500000001,30.267728,0.014232,32.350781000000005,30.267728,0.011101,0.006017,0.1456053,32.36521400000001
body_HEIGHTz,cov_Sleeplessness,-31.9555,29.767793,0.086157,31.945316000000005,29.767793,0.074313,0.00166,0.362517,31.954708000000007
body_HEIGHTz,cov_ParticulateMatterAirPollution_irnt,-32.039827,29.764225,0.052408,32.03434200000001,29.764225,0.045158,0.001765,0.7901159,32.041819
body_HEIGHTz,cov_SMOKING_STATUS,-32.038834,29.768145,0.002164,32.037906,29.768145,0.001124,0.000112,0.7221519,32.046065000000006
body_WHRadjBMIz,cov_PHYS2_DAYS_VERY_ACTIVE,-6.689238000000001,5.499132,0.501148,6.661533000000002,5.499132,0.472436,0.001007,0.4569085,6.884589
body_WHRadjBMIz,cov_ALCOHOL_DESC_ORDER,-6.031252635731999,5.580138,0.004015526,6.036700109731999,5.580138,0.0019,0.007563,0.04776636,6.262772999999999
body_WHRadjBMIz,cov_TOWNSEND_DEPRIVATION,-6.5112550449,5.575843,0.63994,6.544650000000001,5.575843,0.673079,0.0002559551,0.7707384,6.766077603511683
body_WHRadjBMIz,other_TIME_TV,-6.348294999999999,5.569261,0.442677,6.354515,5.569261,0.433549,0.015348,0.005879223,6.591225
body_WHRadjBMIz,other_NAP_TIME,-6.172214301365698,5.579473,0.2693553,6.1804510013656975,5.579452,0.277333,0.00028,0.6587248,6.4012139999999995
body_WHRadjBMIz,other_NO_WHEAT,-5.914275000000004,5.574957,0.024656,5.911876000000003,5.57495,0.022246,1.8e-05,0.9447979,6.132057999999999
body_WHRadjBMIz,cov_DIET,-6.198007,5.71513,0.109369,6.235103,5.71513,0.145191,0.001274,0.6011897,6.446163
body_WHRadjBMIz,cov_Sleeplessness,-6.059390000000002,5.592318,0.136973,6.040813000000002,5.592318,0.11723,0.001166,0.4756322,6.263625999999999
body_WHRadjBMIz,cov_ParticulateMatterAirPollution_irnt,-6.352140000000002,5.582651,0.382366,6.365709000000002,5.582651,0.393249,0.002686,0.324853,6.5936429999999975
body_WHRadjBMIz,cov_SMOKING_STATUS,-7.096048067,5.59126,1.154737,7.148532,5.59126,1.201378,0.005842933,0.06031265,7.3811561631870015
bp_DIASTOLICadjMEDz,cov_PHYS2_DAYS_VERY_ACTIVE,-8.452518999999997,7.821481,0.05432,8.450078999999999,7.821481,0.046236,0.005644,0.1009945,8.496158000000001
bp_DIASTOLICadjMEDz,cov_ALCOHOL_DESC_ORDER,-8.701535328000002,7.701477,0.50707,8.760298,7.701477,0.5646852,0.001147472,0.4237915,8.807855573069899
bp_DIASTOLICadjMEDz,cov_TOWNSEND_DEPRIVATION,-8.269669,7.716039,0.054993,8.267316000000001,7.716039,0.052076,0.000564,0.4329587,8.313142
bp_DIASTOLICadjMEDz,other_TIME_TV,-8.484691000000002,7.686947,0.231002,8.521233,7.686947,0.251582,0.015962,0.01013318,8.581800999999999
bp_DIASTOLICadjMEDz,other_NAP_TIME,-8.183765999999999,7.700317,7e-05,8.18459,7.700329,0.000819,6.3e-05,0.9680445,8.230360000000005
bp_DIASTOLICadjMEDz,other_NO_WHEAT,-8.182943999999996,7.70692,0.007127,8.184612999999997,7.706973,0.00807,0.000673,0.5583964,8.229568999999998
bp_DIASTOLICadjMEDz,cov_DIET,-8.465982,7.916976,0.048697,8.492379999999999,7.916976,0.074307,0.000788,0.5154776,8.535697999999998
bp_DIASTOLICadjMEDz,cov_Sleeplessness,-8.250553882600002,7.692936,0.047039,8.243341000000003,7.692936,0.03919723,0.0006288874,0.5292865,8.290597847410101
bp_DIASTOLICadjMEDz,cov_ParticulateMatterAirPollution_irnt,-8.529346871661756,7.726176,0.301192,8.534916999999998,7.726176,0.3067621,2.833824e-08,0.9694526,8.58211113968524
bp_DIASTOLICadjMEDz,cov_SMOKING_STATUS,-8.235725714999997,7.702545,0.045405,8.233393999999999,7.702545,0.03838711,0.004686175,0.1496768,8.282100953408012
bp_SYSTOLICadjMEDz,cov_PHYS2_DAYS_VERY_ACTIVE,-7.756431815000002,7.327429,0.007587,7.756800000000001,7.327429,0.005309828,0.002645357,0.2459283,7.889196379575
bp_SYSTOLICadjMEDz,cov_ALCOHOL_DESC_ORDER,-7.8766869999999995,7.115113,0.347103,7.893642,7.115113,0.363506,0.000552,0.7067224,8.013926
bp_SYSTOLICadjMEDz,cov_TOWNSEND_DEPRIVATION,-7.630558859740234,7.116829,0.07012978,7.6433210797402324,7.116829,0.080276,0.002616,0.3174321,7.767815
bp_SYSTOLICadjMEDz,other_TIME_TV,-7.726826999999999,7.099655,0.180451,7.779104000000001,7.099655,0.228297,0.004431,0.2327547,7.896517000000003
bp_SYSTOLICadjMEDz,other_NAP_TIME,-7.526475000000002,7.115738,0.004165,7.523741,7.115777,0.001051,0.000341,0.7045906,7.644302999999999
bp_SYSTOLICadjMEDz,other_NO_WHEAT,-7.5264250000000015,7.12548,0.007272,7.529306000000001,7.125331,0.005902,0.0044,0.1544199,7.655895
bp_SYSTOLICadjMEDz,cov_DIET,-7.8637179999999995,7.303627,0.144784,7.869009999999999,7.303627,0.144141,0.005935,0.1123772,7.982325000000001
bp_SYSTOLICadjMEDz,cov_Sleeplessness,-7.536499000000001,7.115164,0.005452,7.541344,7.115164,0.010259,3.8e-05,0.9603119,7.660801999999999
bp_SYSTOLICadjMEDz,cov_ParticulateMatterAirPollution_irnt,-8.157763,7.13342,0.617793,8.180712999999999,7.13342,0.637136,0.003607,0.2445388,8.298173
bp_SYSTOLICadjMEDz,cov_SMOKING_STATUS,-7.625070000000001,7.103022,0.056299,7.62419,7.103022,0.054154,0.001265,0.4940848,7.740017
disease_AID_ALL,cov_PHYS2_DAYS_VERY_ACTIVE,-3.400421999999999,0.746567,0.19421,3.305470999999999,0.746567,0.085167,0.014092,0.01016895,3.5007010000000007
disease_AID_ALL,cov_ALCOHOL_DESC_ORDER,-3.902002999999999,0.742315,0.630824,3.6742759999999994,0.742315,0.378547,0.02455,0.0003728309,3.880351000000001
disease_AID_ALL,cov_TOWNSEND_DEPRIVATION,-3.2935689999999997,0.752385,1.2e-05,3.3001359999999997,0.752385,0.006494,8.5e-05,0.8312513,3.4861660000000003
disease_AID_ALL,other_TIME_TV,-3.5173072335268,0.7500498,0.2412362,3.4867102335267997,0.75005,0.205742,0.004897,0.0906306,3.6774160000000005
disease_AID_ALL,other_NAP_TIME,-3.4057966109999995,0.750289,0.11245,3.4426049999999995,0.7502879,0.1477049,0.001554589,0.3672521,3.6228157612547
disease_AID_ALL,other_NO_WHEAT,-4.147972036921099,0.7418108,0.8713366,4.0375846369211,0.741811,0.743553,0.017396,0.003100877,4.230999999999999
disease_AID_ALL,cov_DIET,-3.338162999999999,0.761209,0.068458,3.274389999999999,0.761209,0.003027,0.001658,0.3253048,3.436829999999999
disease_AID_ALL,cov_Sleeplessness,-3.67441048446395,0.746595,0.39407,3.4464989999999993,0.7465948,0.1661587,1.553605e-08,0.9704296,3.63191860594605
disease_AID_ALL,cov_ParticulateMatterAirPollution_irnt,-3.331672,0.772337,0.023538,3.3277240000000003,0.772337,0.018482,0.001108,0.3450715,3.522452
disease_AID_ALL,cov_SMOKING_STATUS,-3.2805100000000005,0.744775,0.000166,3.2972850000000005,0.744775,0.014669,0.002272,0.3313637,3.4831
disease_ALLERGY_ECZEMA_DIAGNOSED,cov_PHYS2_DAYS_VERY_ACTIVE,-3.7096373700165994,2.142198,0.055547,3.707373,2.142198,0.05328187,7.599834e-07,0.8755419,3.7469508207834004
disease_ALLERGY_ECZEMA_DIAGNOSED,cov_ALCOHOL_DESC_ORDER,-3.5927279999999993,2.079054,0.004672,3.6386539999999994,2.079054,0.028966,0.021632,0.003556612,3.7044699999999993
disease_ALLERGY_ECZEMA_DIAGNOSED,cov_TOWNSEND_DEPRIVATION,-3.618756,2.077794,0.014678,3.642498,2.077794,0.028473,0.009947,0.02111379,3.7033069999999997
disease_ALLERGY_ECZEMA_DIAGNOSED,other_TIME_TV,-3.772032000000001,2.090254,0.169087,3.6723330000000005,2.090254,0.060307,0.009081,0.01543868,3.7354760000000007
disease_ALLERGY_ECZEMA_DIAGNOSED,other_NAP_TIME,-3.6283190000000007,2.084073,0.002358,3.6386600000000002,2.084077,0.012633,6.2e-05,0.8986219,3.687244
disease_ALLERGY_ECZEMA_DIAGNOSED,other_NO_WHEAT,-3.6065189999999996,2.079126,0.014439,3.6114439999999997,2.078999,0.016546,0.002945,0.2841733,3.6682289999999993
disease_ALLERGY_ECZEMA_DIAGNOSED,cov_DIET,-3.641819,2.071673,0.027978,3.6212940000000002,2.071673,0.005374,0.002079,0.490367,3.67323
disease_ALLERGY_ECZEMA_DIAGNOSED,cov_Sleeplessness,-3.6604310000000013,2.079112,0.062783,3.6764570000000005,2.079112,0.078807,2e-06,0.9111854,3.724344999999999
disease_ALLERGY_ECZEMA_DIAGNOSED,cov_ParticulateMatterAirPollution_irnt,-3.619081000000001,2.083845,0.04497,3.6012140000000006,2.083845,0.026211,0.000892,0.4958951,3.6504820000000007
disease_ALLERGY_ECZEMA_DIAGNOSED,cov_SMOKING_STATUS,-3.8227600000000006,2.089669,0.239485,3.7891090000000003,2.089669,0.187224,0.01861,0.001147547,3.859549
disease_ASTHMA_DIAGNOSED,cov_PHYS2_DAYS_VERY_ACTIVE,-2.0504810000000004,1.634613,0.028244,2.0530900000000005,1.634613,0.030008,0.000845,0.5311264,2.1024290000000003
disease_ASTHMA_DIAGNOSED,cov_ALCOHOL_DESC_ORDER,-2.080826,1.612551,0.046041,2.071629,1.612551,0.036216,0.000628,0.5226401,2.1120929999999998
disease_ASTHMA_DIAGNOSED,cov_TOWNSEND_DEPRIVATION,-2.0358919999999996,1.602893,0.023772,2.0332349999999995,1.602893,0.020059,0.001056,0.4497535,2.074161
disease_ASTHMA_DIAGNOSED,other_TIME_TV,-2.0751090000000003,1.627955,0.045423,2.1038060000000005,1.627955,0.069747,0.004373,0.1455848,2.1476279999999988
disease_ASTHMA_DIAGNOSED,other_NAP_TIME,-2.038848999999999,1.606882,0.031991,2.0568449999999996,1.60653,0.050216,0.000123,0.8485093,2.0950130000000002
disease_ASTHMA_DIAGNOSED,other_NO_WHEAT,-2.020064,1.611848,0.018487,2.023175,1.611827,0.019248,0.002371,0.2847809,2.0657839999999994
disease_ASTHMA_DIAGNOSED,cov_DIET,-2.056484,1.608011,0.000161,2.0583400000000003,1.608011,0.000152,0.001865,0.3581918,2.1196460000000004
disease_ASTHMA_DIAGNOSED,cov_Sleeplessness,-2.1432160000000007,1.606979,0.170427,2.163684000000001,1.606979,0.18337,0.007525,0.05730391,2.211585
disease_ASTHMA_DIAGNOSED,cov_ParticulateMatterAirPollution_irnt,-2.0001890000000007,1.607882,0.002508,1.9989240000000001,1.607882,0.001224,1.9e-05,0.8718514,2.0429
disease_ASTHMA_DIAGNOSED,cov_SMOKING_STATUS,-2.0141220000000004,1.60624,1.6e-05,2.017633,1.60624,0.000113,0.003414,0.1676018,2.062463
disease_HI_CHOL_SELF_REP,cov_PHYS2_DAYS_VERY_ACTIVE,-7.1720014099999965,1.987985,0.133275,7.157757999999998,1.987985,0.1012049,0.01782669,0.002967166,7.6968309641418
disease_HI_CHOL_SELF_REP,cov_ALCOHOL_DESC_ORDER,-6.972201,1.932437,0.041949,7.057526,1.932437,0.126422,0.000852,0.5383515,7.539167000000002
disease_HI_CHOL_SELF_REP,cov_TOWNSEND_DEPRIVATION,-7.082431999999999,1.93123,0.156714,7.213926999999999,1.93123,0.286666,0.001543,0.3784031,7.694802000000001
disease_HI_CHOL_SELF_REP,other_TIME_TV,-8.324300000000001,1.949349,1.241458,7.6449120000000015,1.949349,0.548208,0.013862,0.005440331,8.158111999999997
disease_HI_CHOL_SELF_REP,other_NAP_TIME,-7.355611,1.931813,0.412601,7.042802,1.931162,0.096128,0.004315,0.1401552,7.517118999999999
disease_HI_CHOL_SELF_REP,other_NO_WHEAT,-6.947881000000001,1.929124,0.000249,6.9521109999999995,1.929153,0.003165,0.001285,0.3900381,7.429821999999998
disease_HI_CHOL_SELF_REP,cov_DIET,-7.266892899999998,2.056539,0.098687,7.235256,2.056539,0.04643726,0.02061284,0.00280087,7.76291774017858
disease_HI_CHOL_SELF_REP,cov_Sleeplessness,-7.164693,1.933789,0.232616,7.066655999999999,1.933789,0.118011,0.016568,0.003102834,7.564535
disease_HI_CHOL_SELF_REP,cov_ParticulateMatterAirPollution_irnt,-6.948176000000001,1.936462,0.081788,7.053304000000001,1.936462,0.161776,0.02514,0.0004657143,7.565293
disease_HI_CHOL_SELF_REP,cov_SMOKING_STATUS,-7.153365999999998,1.932856,0.218766,7.087300999999998,1.932856,0.150805,0.001896,0.3068845,7.574375000000001
disease_HYPERTENSION_DIAGNOSED,cov_PHYS2_DAYS_VERY_ACTIVE,-9.913872000000001,3.460619,0.27372,9.874746,3.460619,0.226832,0.007762,0.04351181,10.152699000000002
disease_HYPERTENSION_DIAGNOSED,cov_ALCOHOL_DESC_ORDER,-9.558358000000002,3.386384,0.060362,9.683994000000004,3.386384,0.179345,0.006653,0.06544069,9.936993999999999
disease_HYPERTENSION_DIAGNOSED,cov_TOWNSEND_DEPRIVATION,-9.648667999999997,3.389826,0.166668,9.793821999999997,3.389826,0.309865,0.001957,0.3566045,10.041701000000003
disease_HYPERTENSION_DIAGNOSED,other_TIME_TV,-11.405399,3.3966,1.901393,10.428478,3.3966,0.911305,0.013167,0.009898371,10.697689
disease_HYPERTENSION_DIAGNOSED,other_NAP_TIME,-10.201873920000004,3.386366,0.764956,9.716937000000003,3.386367,0.2584221,0.02159598,0.0007049119,9.991377460720205
disease_HYPERTENSION_DIAGNOSED,other_NO_WHEAT,-9.456557,3.388461,0.001753,9.461127,3.388373,6e-06,0.006405,0.0605085,9.721789000000003
disease_HYPERTENSION_DIAGNOSED,cov_DIET,-9.957660999999998,3.541861,0.29185,9.854409999999998,3.541861,0.181073,0.007526,0.08026903,10.126981999999998
disease_HYPERTENSION_DIAGNOSED,cov_Sleeplessness,-10.081925675478399,3.372987,0.6357809,9.8798077754784,3.372987,0.417787,0.015876,0.003997641,10.145264
disease_HYPERTENSION_DIAGNOSED,cov_ParticulateMatterAirPollution_irnt,-9.44733393108,3.398079,0.006947,9.442248000000001,3.398079,0.001836291,2.477792e-05,0.8917655,9.68842284691126
disease_HYPERTENSION_DIAGNOSED,cov_SMOKING_STATUS,-9.535014676950995,3.371269,0.071153,9.491330999999997,3.371269,0.02746399,5.333049e-06,0.9174202,9.740020896869359
disease_HYPOTHYROIDISM_SELF_REP,cov_PHYS2_DAYS_VERY_ACTIVE,-4.171792,1.466568,0.049501,4.126054,1.466568,0.003597,0.000166,0.7854646,4.590626
disease_HYPOTHYROIDISM_SELF_REP,cov_ALCOHOL_DESC_ORDER,-4.485382,1.471979,0.361185,4.341492000000001,1.471979,0.166617,0.050678,4.249018e-07,4.863349
disease_HYPOTHYROIDISM_SELF_REP,cov_TOWNSEND_DEPRIVATION,-4.1548141097356,1.474853,0.002865432,4.1599739527356006,1.474853,0.001016722,0.007008553,0.0612106,4.6418208995433154
disease_HYPOTHYROIDISM_SELF_REP,other_TIME_TV,-4.244369999999998,1.478849,0.085705,4.244732999999998,1.478849,0.060481,0.025587,0.0003681239,4.741619000000002
disease_HYPOTHYROIDISM_SELF_REP,other_NAP_TIME,-4.164947,1.476278,0.014063,4.188651,1.476279,0.028087,0.009679,0.02992572,4.670123000000001
disease_HYPOTHYROIDISM_SELF_REP,other_NO_WHEAT,-4.215338999999998,1.47312,0.057811,4.185373999999999,1.47312,0.026788,0.001058,0.4868598,4.660096
disease_HYPOTHYROIDISM_SELF_REP,cov_DIET,-4.145583,1.476369,0.065336,4.086033,1.476369,0.005623,0.000163,0.7861474,4.51103
disease_HYPOTHYROIDISM_SELF_REP,cov_Sleeplessness,-4.276502574143801,1.470669,0.1122973,4.178660274143801,1.470669,0.009718,0.004737,0.1007792,4.657931
disease_HYPOTHYROIDISM_SELF_REP,cov_ParticulateMatterAirPollution_irnt,-4.119896033000001,1.476729,0.010617,4.122562,1.476729,0.007224228,0.006058739,0.07657281,4.598971685889041
disease_HYPOTHYROIDISM_SELF_REP,cov_SMOKING_STATUS,-4.202561688544633,1.45746,0.01229352,4.190278438828533,1.45746,1.372539e-07,1.013303e-05,0.8910263,4.656545189147902
disease_RESPIRATORY_ENT,cov_PHYS2_DAYS_VERY_ACTIVE,-1.6407309999999993,1.26477,0.062203,1.6444399999999995,1.26477,0.060529,0.005383,0.1236282,1.6802720000000002
disease_RESPIRATORY_ENT,cov_ALCOHOL_DESC_ORDER,-1.6837479999999998,1.237074,0.069913,1.6810149999999997,1.237074,0.066528,0.000652,0.4960026,1.7041169999999999
disease_RESPIRATORY_ENT,cov_TOWNSEND_DEPRIVATION,-1.6559999999999995,1.228517,0.063427,1.6595839999999997,1.228517,0.066588,0.000423,0.6637118,1.6831470000000006
disease_RESPIRATORY_ENT,other_TIME_TV,-1.7894059999999998,1.252278,0.178431,1.8059969999999999,1.252278,0.180708,0.014314,0.006312068,1.842636
disease_RESPIRATORY_ENT,other_NAP_TIME,-1.6595881152253005,1.240704,0.09088702,1.6640000952253007,1.240271,0.09359,0.002142,0.3300685,1.687233
disease_RESPIRATORY_ENT,other_NO_WHEAT,-1.5993050000000004,1.240099,0.032403,1.5991330000000006,1.240128,0.031025,0.001177,0.4618244,1.619638
disease_RESPIRATORY_ENT,cov_DIET,-1.6399209999999995,1.257232,0.01416,1.6473399999999998,1.257232,0.020443,0.001136,0.4427144,1.6770390000000002
disease_RESPIRATORY_ENT,cov_Sleeplessness,-1.8114570000000003,1.234348,0.265638,1.809771,1.234348,0.260898,0.003054,0.2341804,1.8359619999999999
disease_RESPIRATORY_ENT,cov_ParticulateMatterAirPollution_irnt,-1.5764939999999998,1.239747,0.001984,1.5774199999999998,1.239747,0.001987,0.000923,0.4684253,1.6075599999999997
disease_RESPIRATORY_ENT,cov_SMOKING_STATUS,-1.6377370000000002,1.235255,0.03844,1.6423040000000004,1.235255,0.040676,0.002331,0.3309253,1.667006
disease_T2D,cov_PHYS2_DAYS_VERY_ACTIVE,-3.0516649999999994,0.954913,0.118159,3.0883469999999997,0.954913,0.130188,0.024653,0.0007529933,3.4902640000000003
disease_T2D,cov_ALCOHOL_DESC_ORDER,-3.4273852557171005,1.001428,0.469747,3.7765422557171,1.001428,0.706976,0.111928,1.300412e-13,4.2620890000000005
disease_T2D,cov_TOWNSEND_DEPRIVATION,-3.105824,1.009194,0.156748,3.171206,1.009194,0.212256,0.009874,0.02478626,3.5747629999999995
disease_T2D,other_TIME_TV,-3.9894135499999996,0.998036,0.9975,3.6750589999999996,0.9980362,0.6260621,0.05708315,2.004936e-07,4.1065135313466
disease_T2D,other_NAP_TIME,-3.6330621481239698,1.01224,0.6965426,3.43002554812397,1.012239,0.398456,0.095051,4.941946e-12,3.907209
disease_T2D,other_NO_WHEAT,-2.910858,1.006899,0.002495,2.9132870000000004,1.0069,0.002131,0.002792,0.2709405,3.303938
disease_T2D,cov_DIET,-3.197604000000001,1.037563,0.189324,3.1066790000000006,1.037563,0.08526,0.013139,0.0190124,3.5711869999999997
disease_T2D,cov_Sleeplessness,-3.1023960000000006,1.007816,0.1248,3.092139000000001,1.007816,0.11154,0.003003,0.2564217,3.4816470000000006
disease_T2D,cov_ParticulateMatterAirPollution_irnt,-2.9645264016000006,1.029216,0.000564,2.9718960000000005,1.029216,0.007577557,0.0003560414,0.6336678,3.3623292360768997
disease_T2D,cov_SMOKING_STATUS,-2.987602903039999,0.9957131,0.05616606,2.9571137430399994,0.995713,0.024533,0.001144,0.4567864,3.341496999999999
lung_FEV1FVCzSMOKE,cov_PHYS2_DAYS_VERY_ACTIVE,-9.641522000000002,9.313946,0.031426,9.635921000000002,9.313946,0.023883,0.001942,0.3875676,9.647003
lung_FEV1FVCzSMOKE,cov_ALCOHOL_DESC_ORDER,-9.524208999999997,9.242084,0.000801,9.523981999999997,9.242084,0.000377,0.000197,0.7656151,9.536367
lung_FEV1FVCzSMOKE,cov_TOWNSEND_DEPRIVATION,-9.657391,9.218853,0.104419,9.648165999999998,9.218853,0.093288,0.001906,0.4176011,9.660822999999997
lung_FEV1FVCzSMOKE,other_TIME_TV,-9.727784999999999,9.32248,0.07237,9.713753999999998,9.32248,0.058108,0.000231,0.6865821,9.725009000000002
lung_FEV1FVCzSMOKE,other_NAP_TIME,-9.543507,9.250701,0.013946,9.543649,9.250713,0.010677,0.003399,0.2276405,9.559028000000003
lung_FEV1FVCzSMOKE,other_NO_WHEAT,-9.533618999999998,9.257328,0.005136,9.540759999999999,9.257307,0.006726,0.005572,0.1329754,9.55723
lung_FEV1FVCzSMOKE,cov_DIET,-9.374135999999998,9.083578,0.018101,9.383736999999998,9.083578,0.027106,0.000596,0.6320832,9.395340000000001
lung_FEV1FVCzSMOKE,cov_Sleeplessness,-9.523378000000001,9.238536,0.000855,9.526984,9.238536,0.004432,2.9e-05,0.969494,9.538752
lung_FEV1FVCzSMOKE,cov_ParticulateMatterAirPollution_irnt,-9.505439000000004,9.176493,0.042953,9.503975000000004,9.176493,0.039618,0.001871,0.377632,9.518766
lung_FEV1FVCzSMOKE,cov_SMOKING_STATUS,-9.881343,9.232361,0.147061,9.913604,9.232361,0.152982,0.02634,0.001918014,9.947756000000002
mental_NEUROTICISM,cov_PHYS2_DAYS_VERY_ACTIVE,-4.5190509999999975,1.763179,0.39348,4.459577999999999,1.763179,0.333978,2.9e-05,0.8888931,4.4615279999999995
mental_NEUROTICISM,cov_ALCOHOL_DESC_ORDER,-4.445069999999999,1.757489,0.311405,4.265865,1.757489,0.131723,0.000477,0.5708805,4.268119
mental_NEUROTICISM,cov_TOWNSEND_DEPRIVATION,-4.5623830000000005,1.749237,0.515312,4.5235210000000015,1.749237,0.476405,4.5e-05,0.9445587,4.525306999999999
mental_NEUROTICISM,other_TIME_TV,-5.227238999999998,1.743312,1.174208,5.768778999999999,1.743312,1.70918,0.006568,0.09368003,5.777276
mental_NEUROTICISM,other_NAP_TIME,-4.6703209999999995,1.757967,0.651348,5.0893489999999995,1.757968,1.070163,0.000212,0.7939,5.091090999999999
mental_NEUROTICISM,other_NO_WHEAT,-4.058122,1.751449,0.058852,4.04936,1.751436,0.047183,0.00292,0.2828245,4.054051
mental_NEUROTICISM,cov_DIET,-4.072871000000001,1.78187,0.000247,4.139994000000001,1.78187,0.05934,0.00803,0.1251354,4.147393999999999
mental_NEUROTICISM,cov_Sleeplessness,-11.170908000000004,1.765146,7.204931,11.119886000000003,1.765146,7.128419,0.02549,0.00122091,11.146413
mental_NEUROTICISM,cov_ParticulateMatterAirPollution_irnt,-4.110315000000001,1.78157,0.028327,4.0991550000000005,1.78157,0.013961,0.003206,0.2542162,4.1037479999999995
mental_NEUROTICISM,cov_SMOKING_STATUS,-4.360178319162601,1.759433,0.347597,4.507625000000001,1.759433,0.4950435,1.808374e-07,0.9779066,4.5090178611374
